,Unnamed: 0,0,1,2,3,4,5,6,7,8,9,10,11,12,13,14,15,16,17,18,19,20,21,22,23,24,25,26,27,28,29,30,31,32,33,34,35,36,37,38,39,40,41,42,43,44,45,46,47,48,49,50,51,52,53,54,55,56,57,58,59,60,61,62,63,64,65,66,67,68,69,70,71,72,73,74,75,76,77,78,79,80,81,82,83,84,85,86,87,88,89,90,91,92,93,94,95,96,97,98,99,100,101,102,103,104,105,106,107,108,109,110,111,112,113,114,115,116,117,118,119,120,121,122,123,124,125,126,127,128,129,130,131,132,133,134,135,136,137,138,139,140,141,142,143,144,145,146,147,148,149,150,151,152,153,154,155,156,157,158,159,160,161,162,163,164,165,166,167,168,169,170,171,172,173,174,175,176,177,178,179,180,181,182,183,184,185,186,187,188,189,190,191,192,193,194,195,196,197,198,199,200,201,202,203,204,205
0,flower_7,image_07233.jpg,image_08102.jpg,image_07212.jpg,image_07225.jpg,image_07207.jpg,image_07229.jpg,image_07220.jpg,image_07200.jpg,image_07230.jpg,image_07210.jpg,image_07209.jpg,image_07227.jpg,image_07224.jpg,image_07218.jpg,image_07226.jpg,image_07203.jpg,image_07232.jpg,image_07205.jpg,image_07211.jpg,image_08099.jpg,image_07221.jpg,image_07201.jpg,image_08103.jpg,image_07228.jpg,image_07202.jpg,image_07214.jpg,image_07231.jpg,image_08100.jpg,image_07219.jpg,image_07206.jpg,image_07208.jpg,image_07217.jpg,,,,,,,,,,,,,,,,,,,,,,,,,,,,,,,,,,,,,,,,,,,,,,,,,,,,,,,,,,,,,,,,,,,,,,,,,,,,,,,,,,,,,,,,,,,,,,,,,,,,,,,,,,,,,,,,,,,,,,,,,,,,,,,,,,,,,,,,,,,,,,,,,,,,,,,,,,,,,,,,,,,,,,,,,,,,,,
1,flower_80,image_02001.jpg,image_02049.jpg,image_02056.jpg,image_02027.jpg,image_02022.jpg,image_01980.jpg,image_02025.jpg,image_01965.jpg,image_02006.jpg,image_02012.jpg,image_01996.jpg,image_02023.jpg,image_01988.jpg,image_02054.jpg,image_01989.jpg,image_02032.jpg,image_01982.jpg,image_02044.jpg,image_02051.jpg,image_01981.jpg,image_01995.jpg,image_01994.jpg,image_02007.jpg,image_02015.jpg,image_02030.jpg,image_02045.jpg,image_01973.jpg,image_02060.jpg,image_01991.jpg,image_02043.jpg,image_02042.jpg,image_01967.jpg,image_02028.jpg,image_02065.jpg,image_02009.jpg,image_01992.jpg,image_02037.jpg,image_02040.jpg,image_02046.jpg,image_01969.jpg,image_02036.jpg,image_02048.jpg,image_02067.jpg,image_02011.jpg,image_01997.jpg,image_02064.jpg,image_01972.jpg,image_02035.jpg,image_02058.jpg,image_01964.jpg,image_01974.jpg,image_02018.jpg,image_02004.jpg,image_02014.jpg,image_01979.jpg,image_02059.jpg,image_02013.jpg,image_02016.jpg,image_02020.jpg,image_02041.jpg,image_01983.jpg,image_01999.jpg,image_02033.jpg,image_02039.jpg,image_01978.jpg,image_02047.jpg,image_01986.jpg,image_01985.jpg,image_02057.jpg,image_01975.jpg,image_02010.jpg,image_02034.jpg,image_01970.jpg,image_02050.jpg,image_02063.jpg,image_02024.jpg,image_02002.jpg,image_02019.jpg,image_01966.jpg,image_01984.jpg,image_02017.jpg,image_02053.jpg,image_02066.jpg,image_01998.jpg,,,,,,,,,,,,,,,,,,,,,,,,,,,,,,,,,,,,,,,,,,,,,,,,,,,,,,,,,,,,,,,,,,,,,,,,,,,,,,,,,,,,,,,,,,,,,,,,,,,,,,,,,,,,,,,,,,,,,,,,,,
2,flower_18,image_04298.jpg,image_04324.jpg,image_04302.jpg,image_04321.jpg,image_04287.jpg,image_04260.jpg,image_04268.jpg,image_04264.jpg,image_04280.jpg,image_04281.jpg,image_04274.jpg,image_04271.jpg,image_04311.jpg,image_04299.jpg,image_04289.jpg,image_04285.jpg,image_04261.jpg,image_04251.jpg,image_04292.jpg,image_04273.jpg,image_04314.jpg,image_04304.jpg,image_04248.jpg,image_04249.jpg,image_04306.jpg,image_04278.jpg,image_04246.jpg,image_04250.jpg,image_04267.jpg,image_04317.jpg,image_04297.jpg,image_04286.jpg,image_04270.jpg,image_04310.jpg,image_04247.jpg,image_04312.jpg,image_04255.jpg,image_04283.jpg,image_04265.jpg,image_04290.jpg,image_04269.jpg,image_04258.jpg,image_04319.jpg,image_04254.jpg,image_04257.jpg,image_04300.jpg,image_04307.jpg,image_04309.jpg,image_04275.jpg,image_04294.jpg,image_04245.jpg,image_04252.jpg,image_04318.jpg,image_04296.jpg,image_04322.jpg,image_04315.jpg,image_04282.jpg,image_04262.jpg,image_04303.jpg,image_04244.jpg,image_04320.jpg,image_04323.jpg,image_04288.jpg,image_04259.jpg,image_04308.jpg,,,,,,,,,,,,,,,,,,,,,,,,,,,,,,,,,,,,,,,,,,,,,,,,,,,,,,,,,,,,,,,,,,,,,,,,,,,,,,,,,,,,,,,,,,,,,,,,,,,,,,,,,,,,,,,,,,,,,,,,,,,,,,,,,,,,,,,,,,,,,
3,flower_27,image_06866.jpg,image_06873.jpg,image_06887.jpg,image_06870.jpg,image_06857.jpg,image_06856.jpg,image_06850.jpg,image_06881.jpg,image_06885.jpg,image_06875.jpg,image_06851.jpg,image_06880.jpg,image_06868.jpg,image_06865.jpg,image_06867.jpg,image_06860.jpg,image_06884.jpg,image_06859.jpg,image_06861.jpg,image_06853.jpg,image_06872.jpg,image_06888.jpg,image_06886.jpg,image_06882.jpg,image_06852.jpg,image_06855.jpg,image_06883.jpg,image_06854.jpg,image_06864.jpg,image_06862.jpg,image_06889.jpg,image_06877.jpg,,,,,,,,,,,,,,,,,,,,,,,,,,,,,,,,,,,,,,,,,,,,,,,,,,,,,,,,,,,,,,,,,,,,,,,,,,,,,,,,,,,,,,,,,,,,,,,,,,,,,,,,,,,,,,,,,,,,,,,,,,,,,,,,,,,,,,,,,,,,,,,,,,,,,,,,,,,,,,,,,,,,,,,,,,,,,,
4,flower_93,image_06026.jpg,image_08117.jpg,image_06047.jpg,image_08116.jpg,image_06011.jpg,image_06040.jpg,image_06031.jpg,image_06045.jpg,image_08112.jpg,image_06018.jpg,image_06016.jpg,image_06036.jpg,image_06043.jpg,image_06028.jpg,image_07303.jpg,image_06032.jpg,image_06021.jpg,image_06029.jpg,image_06012.jpg,image_06020.jpg,image_06035.jpg,image_06041.jpg,image_08114.jpg,image_06023.jpg,image_06042.jpg,image_08115.jpg,image_06039.jpg,image_06015.jpg,image_06048.jpg,image_06037.jpg,image_07302.jpg,image_06024.jpg,image_06030.jpg,image_06017.jpg,image_06034.jpg,image_06025.jpg,,,,,,,,,,,,,,,,,,,,,,,,,,,,,,,,,,,,,,,,,,,,,,,,,,,,,,,,,,,,,,,,,,,,,,,,,,,,,,,,,,,,,,,,,,,,,,,,,,,,,,,,,,,,,,,,,,,,,,,,,,,,,,,,,,,,,,,,,,,,,,,,,,,,,,,,,,,,,,,,,,,,,,,,,,
5,flower_45,image_07139.jpg,image_07137.jpg,image_07138.jpg,image_07159.jpg,image_07124.jpg,image_07127.jpg,image_07132.jpg,image_07128.jpg,image_07144.jpg,image_07153.jpg,image_07140.jpg,image_07135.jpg,image_08098.jpg,image_07147.jpg,image_07134.jpg,image_07126.jpg,image_07148.jpg,image_07145.jpg,image_07149.jpg,image_07156.jpg,image_07155.jpg,image_07136.jpg,image_07146.jpg,image_07151.jpg,image_07133.jpg,image_07143.jpg,image_07123.jpg,image_07158.jpg,image_07130.jpg,image_07150.jpg,image_07161.jpg,image_07157.jpg,,,,,,,,,,,,,,,,,,,,,,,,,,,,,,,,,,,,,,,,,,,,,,,,,,,,,,,,,,,,,,,,,,,,,,,,,,,,,,,,,,,,,,,,,,,,,,,,,,,,,,,,,,,,,,,,,,,,,,,,,,,,,,,,,,,,,,,,,,,,,,,,,,,,,,,,,,,,,,,,,,,,,,,,,,,,,,
6,flower_47,image_05011.jpg,image_04968.jpg,image_05008.jpg,image_05003.jpg,image_05002.jpg,image_04998.jpg,image_05013.jpg,image_04978.jpg,image_04971.jpg,image_04961.jpg,image_05017.jpg,image_04996.jpg,image_04969.jpg,image_04987.jpg,image_05015.jpg,image_05014.jpg,image_04953.jpg,image_04954.jpg,image_04975.jpg,image_04963.jpg,image_04984.jpg,image_04995.jpg,image_04991.jpg,image_04965.jpg,image_04997.jpg,image_04974.jpg,image_04986.jpg,image_05019.jpg,image_04988.jpg,image_04955.jpg,image_04992.jpg,image_05000.jpg,image_04993.jpg,image_05016.jpg,image_04972.jpg,image_04964.jpg,image_05005.jpg,image_05007.jpg,image_05004.jpg,image_04956.jpg,image_05018.jpg,image_04959.jpg,image_04958.jpg,image_04967.jpg,image_04989.jpg,image_05001.jpg,image_04982.jpg,image_04979.jpg,image_05009.jpg,image_04999.jpg,image_04960.jpg,image_04957.jpg,image_04990.jpg,,,,,,,,,,,,,,,,,,,,,,,,,,,,,,,,,,,,,,,,,,,,,,,,,,,,,,,,,,,,,,,,,,,,,,,,,,,,,,,,,,,,,,,,,,,,,,,,,,,,,,,,,,,,,,,,,,,,,,,,,,,,,,,,,,,,,,,,,,,,,,,,,,,,,,,,,
7,flower_35,image_06983.jpg,image_06981.jpg,image_08088.jpg,image_06984.jpg,image_07006.jpg,image_06973.jpg,image_06976.jpg,image_07004.jpg,image_07003.jpg,image_06972.jpg,image_06982.jpg,image_08085.jpg,image_07005.jpg,image_06997.jpg,image_08087.jpg,image_06998.jpg,image_06988.jpg,image_08084.jpg,image_06978.jpg,image_06989.jpg,image_06991.jpg,image_06971.jpg,image_06969.jpg,image_06995.jpg,image_06970.jpg,image_06993.jpg,image_06992.jpg,image_08086.jpg,image_06985.jpg,image_06974.jpg,image_07002.jpg,image_06977.jpg,image_06975.jpg,image_07000.jpg,,,,,,,,,,,,,,,,,,,,,,,,,,,,,,,,,,,,,,,,,,,,,,,,,,,,,,,,,,,,,,,,,,,,,,,,,,,,,,,,,,,,,,,,,,,,,,,,,,,,,,,,,,,,,,,,,,,,,,,,,,,,,,,,,,,,,,,,,,,,,,,,,,,,,,,,,,,,,,,,,,,,,,,,,,,,
8,flower_23,image_03419.jpg,image_03384.jpg,image_03443.jpg,image_03440.jpg,image_03422.jpg,image_03381.jpg,image_03431.jpg,image_03405.jpg,image_03433.jpg,image_03416.jpg,image_03423.jpg,image_03437.jpg,image_03404.jpg,image_03427.jpg,image_03426.jpg,image_03454.jpg,image_03409.jpg,image_03429.jpg,image_03391.jpg,image_03386.jpg,image_03432.jpg,image_03387.jpg,image_03414.jpg,image_03445.jpg,image_03428.jpg,image_03397.jpg,image_03402.jpg,image_03413.jpg,image_03389.jpg,image_03401.jpg,image_03424.jpg,image_03425.jpg,image_03451.jpg,image_03450.jpg,image_03396.jpg,image_03434.jpg,image_03449.jpg,image_03403.jpg,image_03444.jpg,image_03370.jpg,image_03376.jpg,image_03435.jpg,image_03383.jpg,image_03438.jpg,image_03420.jpg,image_03436.jpg,image_03458.jpg,image_03417.jpg,image_03395.jpg,image_03372.jpg,image_03452.jpg,image_03439.jpg,image_03442.jpg,image_03392.jpg,image_03399.jpg,image_03430.jpg,image_03388.jpg,image_03373.jpg,image_03421.jpg,image_03407.jpg,image_03415.jpg,image_03406.jpg,image_03398.jpg,image_03410.jpg,image_03447.jpg,image_03374.jpg,image_03418.jpg,image_03380.jpg,image_03393.jpg,image_03390.jpg,image_03382.jpg,image_03446.jpg,,,,,,,,,,,,,,,,,,,,,,,,,,,,,,,,,,,,,,,,,,,,,,,,,,,,,,,,,,,,,,,,,,,,,,,,,,,,,,,,,,,,,,,,,,,,,,,,,,,,,,,,,,,,,,,,,,,,,,,,,,,,,,,,,,,,,,
9,flower_50,image_06330.jpg,image_06544.jpg,image_06303.jpg,image_06570.jpg,image_06559.jpg,image_06333.jpg,image_06344.jpg,image_06342.jpg,image_06542.jpg,image_06534.jpg,image_06566.jpg,image_06340.jpg,image_06311.jpg,image_06343.jpg,image_06319.jpg,image_06297.jpg,image_06305.jpg,image_06568.jpg,image_06336.jpg,image_06323.jpg,image_06550.jpg,image_06324.jpg,image_06313.jpg,image_06337.jpg,image_06552.jpg,image_06338.jpg,image_06300.jpg,image_06539.jpg,image_06307.jpg,image_06558.jpg,image_06535.jpg,image_06554.jpg,image_06304.jpg,image_06562.jpg,image_06328.jpg,image_06308.jpg,image_06541.jpg,image_06556.jpg,image_06561.jpg,image_06298.jpg,image_06341.jpg,image_06316.jpg,image_06567.jpg,image_06546.jpg,image_06564.jpg,image_06537.jpg,image_06299.jpg,image_06543.jpg,image_06334.jpg,image_06555.jpg,image_06329.jpg,image_06301.jpg,image_06339.jpg,image_06345.jpg,image_06530.jpg,image_06548.jpg,image_06312.jpg,image_06306.jpg,image_06331.jpg,image_06314.jpg,image_06321.jpg,image_06335.jpg,image_06325.jpg,image_06332.jpg,image_06557.jpg,image_06563.jpg,image_06536.jpg,image_06317.jpg,image_06547.jpg,image_06533.jpg,image_06545.jpg,image_06531.jpg,image_06322.jpg,,,,,,,,,,,,,,,,,,,,,,,,,,,,,,,,,,,,,,,,,,,,,,,,,,,,,,,,,,,,,,,,,,,,,,,,,,,,,,,,,,,,,,,,,,,,,,,,,,,,,,,,,,,,,,,,,,,,,,,,,,,,,,,,,,,,,
10,flower_73,image_00300.jpg,image_00337.jpg,image_00294.jpg,image_00381.jpg,image_00292.jpg,image_00351.jpg,image_00373.jpg,image_00264.jpg,image_00304.jpg,image_00368.jpg,image_00415.jpg,image_00280.jpg,image_00253.jpg,image_00363.jpg,image_00353.jpg,image_00378.jpg,image_00387.jpg,image_00413.jpg,image_00319.jpg,image_00283.jpg,image_00410.jpg,image_00361.jpg,image_00358.jpg,image_00406.jpg,image_00435.jpg,image_00436.jpg,image_00290.jpg,image_00377.jpg,image_00371.jpg,image_00366.jpg,image_00357.jpg,image_00428.jpg,image_00289.jpg,image_00372.jpg,image_00433.jpg,image_00334.jpg,image_00297.jpg,image_00407.jpg,image_00392.jpg,image_00347.jpg,image_00311.jpg,image_00360.jpg,image_00424.jpg,image_00254.jpg,image_00434.jpg,image_00350.jpg,image_00288.jpg,image_00295.jpg,image_00403.jpg,image_00291.jpg,image_00429.jpg,image_00279.jpg,image_00332.jpg,image_00439.jpg,image_00354.jpg,image_00444.jpg,image_00342.jpg,image_00277.jpg,image_00382.jpg,image_00255.jpg,image_00267.jpg,image_00316.jpg,image_00344.jpg,image_00275.jpg,image_00328.jpg,image_00352.jpg,image_00370.jpg,image_00432.jpg,image_00348.jpg,image_00305.jpg,image_00330.jpg,image_00364.jpg,image_00441.jpg,image_00326.jpg,image_00310.jpg,image_00343.jpg,image_00405.jpg,image_00376.jpg,image_00389.jpg,image_00329.jpg,image_00402.jpg,image_00430.jpg,image_00365.jpg,image_00285.jpg,image_00257.jpg,image_00416.jpg,image_00362.jpg,image_00399.jpg,image_00269.jpg,image_00398.jpg,image_00333.jpg,image_00287.jpg,image_00438.jpg,image_00349.jpg,image_00308.jpg,image_00422.jpg,image_00302.jpg,image_00270.jpg,image_00359.jpg,image_00315.jpg,image_00282.jpg,image_00346.jpg,image_00301.jpg,image_00390.jpg,image_00327.jpg,image_00293.jpg,image_00324.jpg,image_00323.jpg,image_00321.jpg,image_00393.jpg,image_00298.jpg,image_00420.jpg,image_00341.jpg,image_00395.jpg,image_00356.jpg,image_00445.jpg,image_00340.jpg,image_00421.jpg,image_00256.jpg,image_00440.jpg,image_00252.jpg,image_00394.jpg,image_00303.jpg,image_00265.jpg,image_00313.jpg,image_00396.jpg,image_00437.jpg,image_00317.jpg,image_00423.jpg,image_00325.jpg,image_00263.jpg,image_00259.jpg,image_00443.jpg,image_00314.jpg,image_00286.jpg,image_00339.jpg,image_00419.jpg,image_00426.jpg,image_00427.jpg,image_00261.jpg,image_00309.jpg,image_00284.jpg,image_00260.jpg,image_00331.jpg,image_00379.jpg,image_00400.jpg,image_00345.jpg,image_00384.jpg,image_00418.jpg,image_00412.jpg,image_00411.jpg,image_00409.jpg,image_00391.jpg,image_00318.jpg,image_00401.jpg,,,,,,,,,,,,,,,,,,,,,,,,,,,,,,,,,,,,,,,,,,,,,,,,,,,
11,flower_67,image_07078.jpg,image_07057.jpg,image_07052.jpg,image_07055.jpg,image_07056.jpg,image_07083.jpg,image_07050.jpg,image_07046.jpg,image_07071.jpg,image_07062.jpg,image_07074.jpg,image_07060.jpg,image_07053.jpg,image_07081.jpg,image_07049.jpg,image_08079.jpg,image_07085.jpg,image_07079.jpg,image_07051.jpg,image_07084.jpg,image_07080.jpg,image_07061.jpg,image_07047.jpg,image_07067.jpg,image_07059.jpg,image_07066.jpg,image_07064.jpg,image_08078.jpg,image_07063.jpg,image_07054.jpg,image_07065.jpg,image_07070.jpg,image_07068.jpg,,,,,,,,,,,,,,,,,,,,,,,,,,,,,,,,,,,,,,,,,,,,,,,,,,,,,,,,,,,,,,,,,,,,,,,,,,,,,,,,,,,,,,,,,,,,,,,,,,,,,,,,,,,,,,,,,,,,,,,,,,,,,,,,,,,,,,,,,,,,,,,,,,,,,,,,,,,,,,,,,,,,,,,,,,,,,
12,flower_98,image_07770.jpg,image_07805.jpg,image_07790.jpg,image_07764.jpg,image_07826.jpg,image_07765.jpg,image_07799.jpg,image_07774.jpg,image_07795.jpg,image_07789.jpg,image_07773.jpg,image_07814.jpg,image_07797.jpg,image_07752.jpg,image_07772.jpg,image_07830.jpg,image_07796.jpg,image_07782.jpg,image_07811.jpg,image_07794.jpg,image_07821.jpg,image_07808.jpg,image_07803.jpg,image_07760.jpg,image_07823.jpg,image_07820.jpg,image_07807.jpg,image_07775.jpg,image_07768.jpg,image_07792.jpg,image_07786.jpg,image_07806.jpg,image_07816.jpg,image_07776.jpg,image_07767.jpg,image_07771.jpg,image_07778.jpg,image_07769.jpg,image_07766.jpg,image_07800.jpg,image_07793.jpg,image_07829.jpg,image_07753.jpg,image_07780.jpg,image_07810.jpg,image_07798.jpg,image_07761.jpg,image_07754.jpg,image_07813.jpg,image_07751.jpg,image_07818.jpg,image_07812.jpg,image_07783.jpg,image_07777.jpg,image_07788.jpg,image_07785.jpg,image_07756.jpg,image_07791.jpg,image_07819.jpg,image_07831.jpg,image_07809.jpg,image_07779.jpg,image_07824.jpg,image_07804.jpg,image_07757.jpg,,,,,,,,,,,,,,,,,,,,,,,,,,,,,,,,,,,,,,,,,,,,,,,,,,,,,,,,,,,,,,,,,,,,,,,,,,,,,,,,,,,,,,,,,,,,,,,,,,,,,,,,,,,,,,,,,,,,,,,,,,,,,,,,,,,,,,,,,,,,,
13,flower_60,image_02973.jpg,image_02946.jpg,image_03025.jpg,image_02950.jpg,image_02957.jpg,image_02951.jpg,image_02984.jpg,image_02970.jpg,image_02983.jpg,image_03023.jpg,image_03011.jpg,image_02986.jpg,image_02981.jpg,image_02922.jpg,image_03014.jpg,image_03028.jpg,image_02945.jpg,image_02923.jpg,image_03012.jpg,image_02952.jpg,image_02935.jpg,image_03027.jpg,image_03006.jpg,image_03000.jpg,image_02941.jpg,image_03007.jpg,image_03016.jpg,image_03010.jpg,image_02991.jpg,image_02996.jpg,image_02964.jpg,image_03004.jpg,image_02969.jpg,image_03002.jpg,image_02955.jpg,image_02940.jpg,image_02933.jpg,image_02976.jpg,image_02934.jpg,image_02920.jpg,image_02944.jpg,image_02987.jpg,image_02921.jpg,image_02956.jpg,image_02929.jpg,image_03021.jpg,image_02928.jpg,image_02936.jpg,image_02954.jpg,image_02982.jpg,image_02932.jpg,image_02998.jpg,image_02958.jpg,image_02985.jpg,image_02997.jpg,image_02989.jpg,image_03009.jpg,image_03001.jpg,image_02979.jpg,image_03008.jpg,image_02959.jpg,image_02972.jpg,image_02953.jpg,image_03022.jpg,image_02938.jpg,image_02943.jpg,image_02960.jpg,image_03013.jpg,image_02962.jpg,image_02968.jpg,image_03024.jpg,image_03019.jpg,image_02931.jpg,image_02978.jpg,image_02992.jpg,image_02975.jpg,image_02925.jpg,image_03020.jpg,image_02942.jpg,image_02939.jpg,image_02930.jpg,image_02988.jpg,image_02980.jpg,image_02994.jpg,image_03018.jpg,image_02926.jpg,image_02974.jpg,,,,,,,,,,,,,,,,,,,,,,,,,,,,,,,,,,,,,,,,,,,,,,,,,,,,,,,,,,,,,,,,,,,,,,,,,,,,,,,,,,,,,,,,,,,,,,,,,,,,,,,,,,,,,,,,,,,,,,,
14,flower_94,image_07435.jpg,image_07347.jpg,image_07306.jpg,image_07464.jpg,image_07388.jpg,image_07367.jpg,image_07395.jpg,image_07377.jpg,image_07316.jpg,image_07350.jpg,image_07381.jpg,image_07454.jpg,image_07311.jpg,image_07355.jpg,image_07362.jpg,image_07354.jpg,image_07366.jpg,image_07333.jpg,image_07436.jpg,image_07397.jpg,image_07384.jpg,image_07451.jpg,image_07450.jpg,image_07462.jpg,image_07322.jpg,image_07361.jpg,image_07438.jpg,image_07364.jpg,image_07439.jpg,image_07391.jpg,image_07414.jpg,image_07372.jpg,image_07329.jpg,image_07344.jpg,image_07455.jpg,image_07326.jpg,image_07410.jpg,image_07461.jpg,image_07458.jpg,image_07352.jpg,image_07409.jpg,image_07437.jpg,image_07403.jpg,image_07428.jpg,image_07460.jpg,image_07393.jpg,image_07330.jpg,image_07313.jpg,image_07310.jpg,image_07343.jpg,image_07444.jpg,image_07431.jpg,image_07429.jpg,image_07309.jpg,image_07443.jpg,image_07371.jpg,image_07396.jpg,image_07465.jpg,image_07401.jpg,image_07442.jpg,image_07418.jpg,image_07348.jpg,image_07307.jpg,image_07380.jpg,image_07308.jpg,image_07420.jpg,image_07342.jpg,image_07336.jpg,image_07321.jpg,image_07382.jpg,image_07346.jpg,image_07430.jpg,image_07358.jpg,image_07405.jpg,image_07441.jpg,image_07328.jpg,image_07389.jpg,image_07334.jpg,image_07341.jpg,image_07345.jpg,image_07394.jpg,image_07353.jpg,image_07412.jpg,image_07415.jpg,image_07304.jpg,image_07448.jpg,image_07373.jpg,image_07305.jpg,image_07387.jpg,image_07324.jpg,image_07318.jpg,image_07457.jpg,image_07325.jpg,image_07327.jpg,image_07423.jpg,image_07356.jpg,image_07319.jpg,image_07440.jpg,image_07433.jpg,image_07339.jpg,image_07453.jpg,image_07411.jpg,image_07419.jpg,image_07452.jpg,image_07383.jpg,image_07432.jpg,image_07338.jpg,image_07374.jpg,image_07398.jpg,image_07422.jpg,image_07317.jpg,image_07359.jpg,image_07360.jpg,image_07456.jpg,image_07314.jpg,image_07368.jpg,image_07459.jpg,image_07357.jpg,image_07399.jpg,image_07379.jpg,image_07369.jpg,image_07320.jpg,image_07378.jpg,image_07340.jpg,image_07385.jpg,image_07400.jpg,image_07370.jpg,image_07365.jpg,image_07386.jpg,,,,,,,,,,,,,,,,,,,,,,,,,,,,,,,,,,,,,,,,,,,,,,,,,,,,,,,,,,,,,,,,,,,,,,,,,,,,,
15,flower_36,image_04346.jpg,image_04366.jpg,image_04385.jpg,image_04363.jpg,image_04342.jpg,image_04386.jpg,image_04375.jpg,image_04349.jpg,image_04380.jpg,image_04345.jpg,image_04372.jpg,image_04381.jpg,image_04373.jpg,image_04368.jpg,image_04364.jpg,image_04361.jpg,image_04332.jpg,image_04362.jpg,image_04390.jpg,image_04353.jpg,image_04377.jpg,image_04371.jpg,image_04399.jpg,image_04387.jpg,image_04356.jpg,image_04347.jpg,image_04395.jpg,image_04354.jpg,image_04392.jpg,image_04400.jpg,image_04376.jpg,image_04339.jpg,image_04340.jpg,image_04335.jpg,image_04365.jpg,image_04355.jpg,image_04351.jpg,image_04327.jpg,image_04348.jpg,image_04389.jpg,image_04367.jpg,image_04330.jpg,image_04326.jpg,image_04378.jpg,image_04382.jpg,image_04397.jpg,image_04384.jpg,image_04344.jpg,image_04352.jpg,image_04391.jpg,image_04369.jpg,image_04394.jpg,image_04393.jpg,image_04358.jpg,image_04337.jpg,image_04383.jpg,image_04338.jpg,image_04329.jpg,image_04341.jpg,image_04398.jpg,,,,,,,,,,,,,,,,,,,,,,,,,,,,,,,,,,,,,,,,,,,,,,,,,,,,,,,,,,,,,,,,,,,,,,,,,,,,,,,,,,,,,,,,,,,,,,,,,,,,,,,,,,,,,,,,,,,,,,,,,,,,,,,,,,,,,,,,,,,,,,,,,,
16,flower_38,image_05821.jpg,image_05807.jpg,image_05801.jpg,image_05811.jpg,image_05798.jpg,image_05834.jpg,image_05833.jpg,image_05810.jpg,image_05812.jpg,image_05837.jpg,image_05829.jpg,image_05809.jpg,image_05820.jpg,image_05827.jpg,image_05800.jpg,image_05832.jpg,image_05838.jpg,image_05830.jpg,image_05819.jpg,image_05803.jpg,image_05822.jpg,image_05795.jpg,image_05816.jpg,image_05818.jpg,image_05848.jpg,image_05804.jpg,image_05826.jpg,image_05802.jpg,image_05823.jpg,image_05817.jpg,image_05793.jpg,image_05840.jpg,image_05797.jpg,image_05845.jpg,image_05839.jpg,image_05831.jpg,image_05814.jpg,image_05836.jpg,image_05847.jpg,image_05806.jpg,image_05844.jpg,image_05808.jpg,image_05815.jpg,image_05796.jpg,,,,,,,,,,,,,,,,,,,,,,,,,,,,,,,,,,,,,,,,,,,,,,,,,,,,,,,,,,,,,,,,,,,,,,,,,,,,,,,,,,,,,,,,,,,,,,,,,,,,,,,,,,,,,,,,,,,,,,,,,,,,,,,,,,,,,,,,,,,,,,,,,,,,,,,,,,,,,,,,,,
17,flower_1,image_06771.jpg,image_06756.jpg,image_06754.jpg,image_06766.jpg,image_06747.jpg,image_06769.jpg,image_06772.jpg,image_06746.jpg,image_06770.jpg,image_06753.jpg,image_06760.jpg,image_06737.jpg,image_06773.jpg,image_06738.jpg,image_06735.jpg,image_06752.jpg,image_06758.jpg,image_06734.jpg,image_06755.jpg,image_06750.jpg,image_06749.jpg,image_06765.jpg,image_06764.jpg,image_06762.jpg,image_06761.jpg,image_06744.jpg,image_06740.jpg,image_06739.jpg,image_06767.jpg,image_06743.jpg,image_06748.jpg,image_06751.jpg,,,,,,,,,,,,,,,,,,,,,,,,,,,,,,,,,,,,,,,,,,,,,,,,,,,,,,,,,,,,,,,,,,,,,,,,,,,,,,,,,,,,,,,,,,,,,,,,,,,,,,,,,,,,,,,,,,,,,,,,,,,,,,,,,,,,,,,,,,,,,,,,,,,,,,,,,,,,,,,,,,,,,,,,,,,,,,
18,flower_17,image_03883.jpg,image_03908.jpg,image_03891.jpg,image_03836.jpg,image_03909.jpg,image_03831.jpg,image_03840.jpg,image_03868.jpg,image_03842.jpg,image_03893.jpg,image_03857.jpg,image_03848.jpg,image_03905.jpg,image_03864.jpg,image_03862.jpg,image_03870.jpg,image_03850.jpg,image_03906.jpg,image_03844.jpg,image_03847.jpg,image_03858.jpg,image_03890.jpg,image_03846.jpg,image_03901.jpg,image_03911.jpg,image_03833.jpg,image_03861.jpg,image_03877.jpg,image_03837.jpg,image_03863.jpg,image_03912.jpg,image_03886.jpg,image_03881.jpg,image_03828.jpg,image_03900.jpg,image_03849.jpg,image_03851.jpg,image_03838.jpg,image_03907.jpg,image_03860.jpg,image_03888.jpg,image_03898.jpg,image_03835.jpg,image_03856.jpg,image_03866.jpg,image_03910.jpg,image_03859.jpg,image_03854.jpg,image_03855.jpg,image_03852.jpg,image_03876.jpg,image_03882.jpg,image_03834.jpg,image_03896.jpg,image_03885.jpg,image_03869.jpg,image_03903.jpg,image_03904.jpg,image_03871.jpg,image_03843.jpg,image_03841.jpg,image_03845.jpg,image_03899.jpg,image_03875.jpg,image_03865.jpg,image_03894.jpg,image_03897.jpg,image_03872.jpg,,,,,,,,,,,,,,,,,,,,,,,,,,,,,,,,,,,,,,,,,,,,,,,,,,,,,,,,,,,,,,,,,,,,,,,,,,,,,,,,,,,,,,,,,,,,,,,,,,,,,,,,,,,,,,,,,,,,,,,,,,,,,,,,,,,,,,,,,,
19,flower_15,image_06382.jpg,image_06361.jpg,image_06374.jpg,image_06376.jpg,image_06379.jpg,image_06378.jpg,image_06359.jpg,image_06347.jpg,image_06386.jpg,image_06368.jpg,image_06393.jpg,image_06380.jpg,image_06384.jpg,image_06392.jpg,image_06375.jpg,image_06383.jpg,image_06358.jpg,image_06366.jpg,image_06350.jpg,image_06385.jpg,image_06371.jpg,image_06354.jpg,image_06370.jpg,image_06355.jpg,image_06346.jpg,image_06381.jpg,image_06349.jpg,image_06394.jpg,image_06391.jpg,image_06365.jpg,image_06369.jpg,image_06348.jpg,image_06373.jpg,image_06372.jpg,image_06356.jpg,image_06388.jpg,image_06352.jpg,image_06351.jpg,image_06390.jpg,,,,,,,,,,,,,,,,,,,,,,,,,,,,,,,,,,,,,,,,,,,,,,,,,,,,,,,,,,,,,,,,,,,,,,,,,,,,,,,,,,,,,,,,,,,,,,,,,,,,,,,,,,,,,,,,,,,,,,,,,,,,,,,,,,,,,,,,,,,,,,,,,,,,,,,,,,,,,,,,,,,,,,,
20,flower_30,image_03522.jpg,image_03496.jpg,image_03529.jpg,image_03462.jpg,image_03503.jpg,image_03544.jpg,image_03519.jpg,image_03501.jpg,image_03507.jpg,image_03504.jpg,image_03505.jpg,image_03530.jpg,image_03460.jpg,image_03463.jpg,image_03521.jpg,image_03523.jpg,image_03517.jpg,image_03467.jpg,image_03533.jpg,image_03531.jpg,image_03499.jpg,image_03508.jpg,image_03487.jpg,image_03512.jpg,image_03495.jpg,image_03498.jpg,image_03490.jpg,image_03524.jpg,image_03536.jpg,image_03466.jpg,image_03510.jpg,image_03497.jpg,image_03518.jpg,image_03528.jpg,image_03461.jpg,image_03469.jpg,image_03482.jpg,image_03488.jpg,image_03534.jpg,image_03520.jpg,image_03474.jpg,image_03525.jpg,image_03493.jpg,image_03538.jpg,image_03485.jpg,image_03486.jpg,image_03502.jpg,image_03537.jpg,image_03483.jpg,image_03514.jpg,image_03492.jpg,image_03535.jpg,image_03542.jpg,image_03480.jpg,image_03472.jpg,image_03526.jpg,image_03543.jpg,image_03506.jpg,image_03465.jpg,image_03491.jpg,image_03511.jpg,image_03478.jpg,image_03471.jpg,image_03527.jpg,image_03473.jpg,image_03468.jpg,image_03513.jpg,image_03479.jpg,,,,,,,,,,,,,,,,,,,,,,,,,,,,,,,,,,,,,,,,,,,,,,,,,,,,,,,,,,,,,,,,,,,,,,,,,,,,,,,,,,,,,,,,,,,,,,,,,,,,,,,,,,,,,,,,,,,,,,,,,,,,,,,,,,,,,,,,,,
21,flower_26,image_06521.jpg,image_06498.jpg,image_06515.jpg,image_06524.jpg,image_06489.jpg,image_06507.jpg,image_06513.jpg,image_06506.jpg,image_06494.jpg,image_06504.jpg,image_06512.jpg,image_06525.jpg,image_06518.jpg,image_06508.jpg,image_06503.jpg,image_06517.jpg,image_06502.jpg,image_06493.jpg,image_06516.jpg,image_06520.jpg,image_06497.jpg,image_06487.jpg,image_06519.jpg,image_06495.jpg,image_06491.jpg,image_06510.jpg,image_06490.jpg,image_06509.jpg,image_06501.jpg,image_06527.jpg,image_06496.jpg,image_06492.jpg,,,,,,,,,,,,,,,,,,,,,,,,,,,,,,,,,,,,,,,,,,,,,,,,,,,,,,,,,,,,,,,,,,,,,,,,,,,,,,,,,,,,,,,,,,,,,,,,,,,,,,,,,,,,,,,,,,,,,,,,,,,,,,,,,,,,,,,,,,,,,,,,,,,,,,,,,,,,,,,,,,,,,,,,,,,,,,
22,flower_59,image_05030.jpg,image_05042.jpg,image_05060.jpg,image_05023.jpg,image_05040.jpg,image_05038.jpg,image_05061.jpg,image_05065.jpg,image_05036.jpg,image_05053.jpg,image_05069.jpg,image_05025.jpg,image_05046.jpg,image_05080.jpg,image_05045.jpg,image_05066.jpg,image_05075.jpg,image_05070.jpg,image_05044.jpg,image_05047.jpg,image_05054.jpg,image_05022.jpg,image_05072.jpg,image_05027.jpg,image_05063.jpg,image_05055.jpg,image_05029.jpg,image_05062.jpg,image_05020.jpg,image_05082.jpg,image_05077.jpg,image_05043.jpg,image_05028.jpg,image_05079.jpg,image_05078.jpg,image_05056.jpg,image_05074.jpg,image_05081.jpg,image_05084.jpg,image_05051.jpg,image_05024.jpg,image_05032.jpg,image_05083.jpg,image_05067.jpg,image_05086.jpg,image_05052.jpg,image_05034.jpg,image_05058.jpg,image_05085.jpg,image_05049.jpg,image_05064.jpg,image_05021.jpg,image_05076.jpg,,,,,,,,,,,,,,,,,,,,,,,,,,,,,,,,,,,,,,,,,,,,,,,,,,,,,,,,,,,,,,,,,,,,,,,,,,,,,,,,,,,,,,,,,,,,,,,,,,,,,,,,,,,,,,,,,,,,,,,,,,,,,,,,,,,,,,,,,,,,,,,,,,,,,,,,,
23,flower_102,image_08028.jpg,image_08000.jpg,image_08041.jpg,image_08022.jpg,image_08025.jpg,image_08031.jpg,image_08001.jpg,image_08007.jpg,image_08004.jpg,image_08003.jpg,image_08034.jpg,image_08009.jpg,image_08006.jpg,image_08032.jpg,image_08029.jpg,image_08030.jpg,image_08018.jpg,image_08026.jpg,image_08011.jpg,image_08014.jpg,image_08038.jpg,image_08043.jpg,image_08013.jpg,image_08046.jpg,image_08033.jpg,image_08012.jpg,image_08023.jpg,image_08024.jpg,image_08016.jpg,image_08037.jpg,image_08027.jpg,image_08020.jpg,image_08005.jpg,image_08010.jpg,image_08002.jpg,image_08039.jpg,image_08044.jpg,image_08021.jpg,,,,,,,,,,,,,,,,,,,,,,,,,,,,,,,,,,,,,,,,,,,,,,,,,,,,,,,,,,,,,,,,,,,,,,,,,,,,,,,,,,,,,,,,,,,,,,,,,,,,,,,,,,,,,,,,,,,,,,,,,,,,,,,,,,,,,,,,,,,,,,,,,,,,,,,,,,,,,,,,,,,,,,,,
24,flower_12,image_04057.jpg,image_04019.jpg,image_04041.jpg,image_04050.jpg,image_03994.jpg,image_04020.jpg,image_04032.jpg,image_04064.jpg,image_04038.jpg,image_04014.jpg,image_04036.jpg,image_04074.jpg,image_04052.jpg,image_04048.jpg,image_04077.jpg,image_04046.jpg,image_04069.jpg,image_04054.jpg,image_04013.jpg,image_03999.jpg,image_04021.jpg,image_04051.jpg,image_04043.jpg,image_04027.jpg,image_04017.jpg,image_04006.jpg,image_04034.jpg,image_03995.jpg,image_04053.jpg,image_04028.jpg,image_04012.jpg,image_04001.jpg,image_04079.jpg,image_04058.jpg,image_04044.jpg,image_04018.jpg,image_04010.jpg,image_04029.jpg,image_04065.jpg,image_04025.jpg,image_04026.jpg,image_04049.jpg,image_04008.jpg,image_04039.jpg,image_04011.jpg,image_04061.jpg,image_04060.jpg,image_04040.jpg,image_04000.jpg,image_04022.jpg,image_04047.jpg,image_04004.jpg,image_04031.jpg,image_03996.jpg,image_04037.jpg,image_04063.jpg,image_04080.jpg,image_04068.jpg,image_04003.jpg,image_04016.jpg,image_04007.jpg,image_04042.jpg,image_04071.jpg,image_04066.jpg,image_04033.jpg,image_04073.jpg,image_04062.jpg,image_04055.jpg,image_04024.jpg,,,,,,,,,,,,,,,,,,,,,,,,,,,,,,,,,,,,,,,,,,,,,,,,,,,,,,,,,,,,,,,,,,,,,,,,,,,,,,,,,,,,,,,,,,,,,,,,,,,,,,,,,,,,,,,,,,,,,,,,,,,,,,,,,,,,,,,,,
25,flower_22,image_05373.jpg,image_05394.jpg,image_05382.jpg,image_05393.jpg,image_05340.jpg,image_05385.jpg,image_05342.jpg,image_05371.jpg,image_05395.jpg,image_05346.jpg,image_05361.jpg,image_05359.jpg,image_05390.jpg,image_05365.jpg,image_05367.jpg,image_05377.jpg,image_05376.jpg,image_05391.jpg,image_05347.jpg,image_05392.jpg,image_05366.jpg,image_05352.jpg,image_05358.jpg,image_05374.jpg,image_05398.jpg,image_05349.jpg,image_05357.jpg,image_05356.jpg,image_05378.jpg,image_05384.jpg,image_05381.jpg,image_05350.jpg,image_05344.jpg,image_05389.jpg,image_05383.jpg,image_05369.jpg,image_05370.jpg,image_05364.jpg,image_05355.jpg,image_05396.jpg,image_05351.jpg,image_05380.jpg,image_05386.jpg,image_05363.jpg,image_05368.jpg,image_05372.jpg,image_05353.jpg,,,,,,,,,,,,,,,,,,,,,,,,,,,,,,,,,,,,,,,,,,,,,,,,,,,,,,,,,,,,,,,,,,,,,,,,,,,,,,,,,,,,,,,,,,,,,,,,,,,,,,,,,,,,,,,,,,,,,,,,,,,,,,,,,,,,,,,,,,,,,,,,,,,,,,,,,,,,,,,
26,flower_28,image_05274.jpg,image_05212.jpg,image_05217.jpg,image_05241.jpg,image_05220.jpg,image_05224.jpg,image_05242.jpg,image_05238.jpg,image_05221.jpg,image_05245.jpg,image_05272.jpg,image_05229.jpg,image_05222.jpg,image_05255.jpg,image_05231.jpg,image_05252.jpg,image_05247.jpg,image_05237.jpg,image_05260.jpg,image_05233.jpg,image_05213.jpg,image_05264.jpg,image_05261.jpg,image_05259.jpg,image_05269.jpg,image_05267.jpg,image_05276.jpg,image_05248.jpg,image_05239.jpg,image_05235.jpg,image_05226.jpg,image_05249.jpg,image_05257.jpg,image_05266.jpg,image_05250.jpg,image_05215.jpg,image_05275.jpg,image_05216.jpg,image_05234.jpg,image_05268.jpg,image_05253.jpg,image_05232.jpg,image_05236.jpg,image_05277.jpg,image_05271.jpg,image_05254.jpg,image_05225.jpg,image_05244.jpg,image_05243.jpg,image_05256.jpg,image_05251.jpg,image_05227.jpg,,,,,,,,,,,,,,,,,,,,,,,,,,,,,,,,,,,,,,,,,,,,,,,,,,,,,,,,,,,,,,,,,,,,,,,,,,,,,,,,,,,,,,,,,,,,,,,,,,,,,,,,,,,,,,,,,,,,,,,,,,,,,,,,,,,,,,,,,,,,,,,,,,,,,,,,,,
27,flower_66,image_05527.jpg,image_05544.jpg,image_05543.jpg,image_05546.jpg,image_05574.jpg,image_05577.jpg,image_05564.jpg,image_05547.jpg,image_05548.jpg,image_05571.jpg,image_05581.jpg,image_05540.jpg,image_05550.jpg,image_05560.jpg,image_05573.jpg,image_05542.jpg,image_05576.jpg,image_05526.jpg,image_05545.jpg,image_05557.jpg,image_05575.jpg,image_05578.jpg,image_05556.jpg,image_05536.jpg,image_05552.jpg,image_05553.jpg,image_05535.jpg,image_05561.jpg,image_05570.jpg,image_05580.jpg,image_05528.jpg,image_05566.jpg,image_05529.jpg,image_05551.jpg,image_05530.jpg,image_05533.jpg,image_05554.jpg,image_05559.jpg,image_05572.jpg,image_05579.jpg,image_05563.jpg,image_05555.jpg,image_05525.jpg,image_05534.jpg,image_05524.jpg,image_05538.jpg,image_05541.jpg,image_05532.jpg,,,,,,,,,,,,,,,,,,,,,,,,,,,,,,,,,,,,,,,,,,,,,,,,,,,,,,,,,,,,,,,,,,,,,,,,,,,,,,,,,,,,,,,,,,,,,,,,,,,,,,,,,,,,,,,,,,,,,,,,,,,,,,,,,,,,,,,,,,,,,,,,,,,,,,,,,,,,,,
28,flower_33,image_06468.jpg,image_06485.jpg,image_06486.jpg,image_06469.jpg,image_06474.jpg,image_06464.jpg,image_06473.jpg,image_06451.jpg,image_06478.jpg,image_06454.jpg,image_06441.jpg,image_06477.jpg,image_06460.jpg,image_06463.jpg,image_06447.jpg,image_06467.jpg,image_06481.jpg,image_06458.jpg,image_06453.jpg,image_06450.jpg,image_06479.jpg,image_06448.jpg,image_06459.jpg,image_06452.jpg,image_06443.jpg,image_06480.jpg,image_06449.jpg,image_06471.jpg,image_06470.jpg,image_06483.jpg,image_06445.jpg,image_06466.jpg,image_06456.jpg,image_06484.jpg,image_06476.jpg,image_06472.jpg,,,,,,,,,,,,,,,,,,,,,,,,,,,,,,,,,,,,,,,,,,,,,,,,,,,,,,,,,,,,,,,,,,,,,,,,,,,,,,,,,,,,,,,,,,,,,,,,,,,,,,,,,,,,,,,,,,,,,,,,,,,,,,,,,,,,,,,,,,,,,,,,,,,,,,,,,,,,,,,,,,,,,,,,,,
29,flower_53,image_03730.jpg,image_03665.jpg,image_03713.jpg,image_03645.jpg,image_03712.jpg,image_03674.jpg,image_03652.jpg,image_03659.jpg,image_03664.jpg,image_03663.jpg,image_03697.jpg,image_03654.jpg,image_03669.jpg,image_03706.jpg,image_03673.jpg,image_03696.jpg,image_03642.jpg,image_03678.jpg,image_03690.jpg,image_03716.jpg,image_03676.jpg,image_03679.jpg,image_03729.jpg,image_03657.jpg,image_03724.jpg,image_03720.jpg,image_03650.jpg,image_03647.jpg,image_03683.jpg,image_03704.jpg,image_03641.jpg,image_03686.jpg,image_03708.jpg,image_03649.jpg,image_03658.jpg,image_03699.jpg,image_03685.jpg,image_03733.jpg,image_03721.jpg,image_03718.jpg,image_03694.jpg,image_03711.jpg,image_03689.jpg,image_03719.jpg,image_03668.jpg,image_03688.jpg,image_03703.jpg,image_03672.jpg,image_03728.jpg,image_03732.jpg,image_03648.jpg,image_03687.jpg,image_03651.jpg,image_03727.jpg,image_03709.jpg,image_03643.jpg,image_03662.jpg,image_03682.jpg,image_03695.jpg,image_03726.jpg,image_03710.jpg,image_03671.jpg,image_03691.jpg,image_03681.jpg,image_03702.jpg,image_03701.jpg,image_03714.jpg,image_03667.jpg,image_03656.jpg,image_03723.jpg,image_03717.jpg,image_03680.jpg,image_03661.jpg,image_03693.jpg,,,,,,,,,,,,,,,,,,,,,,,,,,,,,,,,,,,,,,,,,,,,,,,,,,,,,,,,,,,,,,,,,,,,,,,,,,,,,,,,,,,,,,,,,,,,,,,,,,,,,,,,,,,,,,,,,,,,,,,,,,,,,,,,,,,,
30,flower_9,image_06406.jpg,image_06402.jpg,image_06422.jpg,image_06395.jpg,image_06425.jpg,image_06411.jpg,image_06420.jpg,image_06437.jpg,image_06400.jpg,image_06439.jpg,image_06436.jpg,image_06397.jpg,image_06404.jpg,image_06399.jpg,image_06413.jpg,image_06410.jpg,image_06401.jpg,image_06431.jpg,image_06427.jpg,image_06428.jpg,image_06432.jpg,image_06430.jpg,image_06434.jpg,image_06419.jpg,image_06438.jpg,image_06408.jpg,image_06416.jpg,image_06421.jpg,image_06403.jpg,image_06412.jpg,image_06417.jpg,image_06396.jpg,image_06414.jpg,image_06433.jpg,image_06424.jpg,image_06440.jpg,,,,,,,,,,,,,,,,,,,,,,,,,,,,,,,,,,,,,,,,,,,,,,,,,,,,,,,,,,,,,,,,,,,,,,,,,,,,,,,,,,,,,,,,,,,,,,,,,,,,,,,,,,,,,,,,,,,,,,,,,,,,,,,,,,,,,,,,,,,,,,,,,,,,,,,,,,,,,,,,,,,,,,,,,,
31,flower_25,image_06584.jpg,image_06601.jpg,image_06576.jpg,image_06593.jpg,image_06610.jpg,image_06604.jpg,image_06606.jpg,image_06609.jpg,image_06599.jpg,image_06578.jpg,image_06600.jpg,image_06598.jpg,image_06605.jpg,image_06579.jpg,image_06592.jpg,image_06571.jpg,image_06597.jpg,image_06581.jpg,image_06591.jpg,image_06580.jpg,image_06573.jpg,image_06595.jpg,image_06587.jpg,image_06596.jpg,image_06575.jpg,image_06603.jpg,image_06585.jpg,image_06582.jpg,image_06574.jpg,image_06611.jpg,image_06572.jpg,image_06588.jpg,,,,,,,,,,,,,,,,,,,,,,,,,,,,,,,,,,,,,,,,,,,,,,,,,,,,,,,,,,,,,,,,,,,,,,,,,,,,,,,,,,,,,,,,,,,,,,,,,,,,,,,,,,,,,,,,,,,,,,,,,,,,,,,,,,,,,,,,,,,,,,,,,,,,,,,,,,,,,,,,,,,,,,,,,,,,,,
32,flower_3,image_06642.jpg,image_06643.jpg,image_06630.jpg,image_06628.jpg,image_06635.jpg,image_06632.jpg,image_06625.jpg,image_06641.jpg,image_06620.jpg,image_06615.jpg,image_06639.jpg,image_06650.jpg,image_06626.jpg,image_06636.jpg,image_06644.jpg,image_06613.jpg,image_06622.jpg,image_06647.jpg,image_06623.jpg,image_06612.jpg,image_06651.jpg,image_06645.jpg,image_06633.jpg,image_06621.jpg,image_06638.jpg,image_06617.jpg,image_06627.jpg,image_06614.jpg,image_06646.jpg,image_06649.jpg,image_06618.jpg,image_06637.jpg,,,,,,,,,,,,,,,,,,,,,,,,,,,,,,,,,,,,,,,,,,,,,,,,,,,,,,,,,,,,,,,,,,,,,,,,,,,,,,,,,,,,,,,,,,,,,,,,,,,,,,,,,,,,,,,,,,,,,,,,,,,,,,,,,,,,,,,,,,,,,,,,,,,,,,,,,,,,,,,,,,,,,,,,,,,,,,
33,flower_65,image_03206.jpg,image_03278.jpg,image_03187.jpg,image_03212.jpg,image_03265.jpg,image_03184.jpg,image_03228.jpg,image_03193.jpg,image_03269.jpg,image_03233.jpg,image_03274.jpg,image_03270.jpg,image_03223.jpg,image_03275.jpg,image_03257.jpg,image_03197.jpg,image_03202.jpg,image_03247.jpg,image_03254.jpg,image_03259.jpg,image_03198.jpg,image_03196.jpg,image_03277.jpg,image_03229.jpg,image_03250.jpg,image_03182.jpg,image_03218.jpg,image_03280.jpg,image_03222.jpg,image_03188.jpg,image_03232.jpg,image_03230.jpg,image_03241.jpg,image_03211.jpg,image_03201.jpg,image_03215.jpg,image_03214.jpg,image_03195.jpg,image_03199.jpg,image_03191.jpg,image_03226.jpg,image_03221.jpg,image_03281.jpg,image_03261.jpg,image_03210.jpg,image_03235.jpg,image_03248.jpg,image_03237.jpg,image_03267.jpg,image_03231.jpg,image_03264.jpg,image_03205.jpg,image_03244.jpg,image_03208.jpg,image_03243.jpg,image_03263.jpg,image_03240.jpg,image_03256.jpg,image_03251.jpg,image_03276.jpg,image_03272.jpg,image_03220.jpg,image_03260.jpg,image_03271.jpg,image_03224.jpg,image_03236.jpg,image_03258.jpg,image_03282.jpg,image_03209.jpg,image_03249.jpg,image_03213.jpg,image_03266.jpg,image_03185.jpg,image_03192.jpg,image_03194.jpg,image_03255.jpg,image_03252.jpg,image_03186.jpg,image_03253.jpg,image_03203.jpg,image_03183.jpg,,,,,,,,,,,,,,,,,,,,,,,,,,,,,,,,,,,,,,,,,,,,,,,,,,,,,,,,,,,,,,,,,,,,,,,,,,,,,,,,,,,,,,,,,,,,,,,,,,,,,,,,,,,,,,,,,,,,,,,,,,,,,
34,flower_20,image_04931.jpg,image_04914.jpg,image_04899.jpg,image_04912.jpg,image_04930.jpg,image_04938.jpg,image_04916.jpg,image_04940.jpg,image_04915.jpg,image_04919.jpg,image_04939.jpg,image_04897.jpg,image_04910.jpg,image_04902.jpg,image_04904.jpg,image_04944.jpg,image_04901.jpg,image_04911.jpg,image_04935.jpg,image_04929.jpg,image_04948.jpg,image_04898.jpg,image_04946.jpg,image_04922.jpg,image_04943.jpg,image_04942.jpg,image_04907.jpg,image_04928.jpg,image_04906.jpg,image_04926.jpg,image_04905.jpg,image_04936.jpg,image_04947.jpg,image_04900.jpg,image_04924.jpg,image_04949.jpg,image_04932.jpg,image_04945.jpg,image_04937.jpg,image_04908.jpg,image_04921.jpg,image_04913.jpg,image_04917.jpg,image_04918.jpg,,,,,,,,,,,,,,,,,,,,,,,,,,,,,,,,,,,,,,,,,,,,,,,,,,,,,,,,,,,,,,,,,,,,,,,,,,,,,,,,,,,,,,,,,,,,,,,,,,,,,,,,,,,,,,,,,,,,,,,,,,,,,,,,,,,,,,,,,,,,,,,,,,,,,,,,,,,,,,,,,,
35,flower_2,image_05119.jpg,image_05123.jpg,image_05094.jpg,image_05092.jpg,image_05107.jpg,image_05128.jpg,image_05146.jpg,image_05140.jpg,image_05088.jpg,image_05104.jpg,image_05136.jpg,image_05101.jpg,image_05096.jpg,image_05109.jpg,image_05115.jpg,image_05120.jpg,image_05126.jpg,image_05145.jpg,image_05139.jpg,image_05110.jpg,image_05093.jpg,image_05106.jpg,image_05090.jpg,image_05137.jpg,image_05103.jpg,image_05129.jpg,image_05135.jpg,image_05133.jpg,image_05095.jpg,image_05127.jpg,image_05131.jpg,image_05089.jpg,image_05091.jpg,image_05132.jpg,image_05130.jpg,image_05108.jpg,image_05105.jpg,image_05141.jpg,image_05118.jpg,image_05122.jpg,image_05134.jpg,image_05099.jpg,image_05097.jpg,image_05138.jpg,image_05098.jpg,image_05142.jpg,image_05143.jpg,image_05102.jpg,,,,,,,,,,,,,,,,,,,,,,,,,,,,,,,,,,,,,,,,,,,,,,,,,,,,,,,,,,,,,,,,,,,,,,,,,,,,,,,,,,,,,,,,,,,,,,,,,,,,,,,,,,,,,,,,,,,,,,,,,,,,,,,,,,,,,,,,,,,,,,,,,,,,,,,,,,,,,,
36,flower_29,image_04089.jpg,image_04158.jpg,image_04123.jpg,image_04119.jpg,image_04095.jpg,image_04100.jpg,image_04131.jpg,image_04153.jpg,image_04093.jpg,image_04087.jpg,image_04085.jpg,image_04109.jpg,image_04140.jpg,image_04108.jpg,image_04141.jpg,image_04082.jpg,image_04128.jpg,image_04104.jpg,image_04144.jpg,image_04081.jpg,image_04118.jpg,image_04117.jpg,image_04146.jpg,image_04142.jpg,image_04132.jpg,image_04152.jpg,image_04124.jpg,image_04122.jpg,image_04143.jpg,image_04098.jpg,image_04084.jpg,image_04091.jpg,image_04116.jpg,image_04126.jpg,image_04148.jpg,image_04127.jpg,image_04120.jpg,image_04086.jpg,image_04083.jpg,image_04150.jpg,image_04088.jpg,image_04112.jpg,image_04099.jpg,image_04103.jpg,image_04094.jpg,image_04090.jpg,image_04125.jpg,image_04151.jpg,image_04145.jpg,image_04106.jpg,image_04136.jpg,image_04110.jpg,image_04137.jpg,image_04101.jpg,image_04097.jpg,image_04149.jpg,image_04115.jpg,image_04105.jpg,image_04154.jpg,image_04121.jpg,image_04133.jpg,image_04134.jpg,,,,,,,,,,,,,,,,,,,,,,,,,,,,,,,,,,,,,,,,,,,,,,,,,,,,,,,,,,,,,,,,,,,,,,,,,,,,,,,,,,,,,,,,,,,,,,,,,,,,,,,,,,,,,,,,,,,,,,,,,,,,,,,,,,,,,,,,,,,,,,,,
37,flower_4,image_05631.jpg,image_05633.jpg,image_05629.jpg,image_05684.jpg,image_05671.jpg,image_05662.jpg,image_05655.jpg,image_05677.jpg,image_05657.jpg,image_05637.jpg,image_05681.jpg,image_05646.jpg,image_05661.jpg,image_05663.jpg,image_05673.jpg,image_05642.jpg,image_05668.jpg,image_05669.jpg,image_05682.jpg,image_05645.jpg,image_05636.jpg,image_05643.jpg,image_05652.jpg,image_05683.jpg,image_05640.jpg,image_05647.jpg,image_05638.jpg,image_05664.jpg,image_05658.jpg,image_05670.jpg,image_05650.jpg,image_05641.jpg,image_05635.jpg,image_05630.jpg,image_05639.jpg,image_05654.jpg,image_05672.jpg,image_05644.jpg,image_05675.jpg,image_05660.jpg,image_05666.jpg,image_05648.jpg,image_05653.jpg,image_05649.jpg,,,,,,,,,,,,,,,,,,,,,,,,,,,,,,,,,,,,,,,,,,,,,,,,,,,,,,,,,,,,,,,,,,,,,,,,,,,,,,,,,,,,,,,,,,,,,,,,,,,,,,,,,,,,,,,,,,,,,,,,,,,,,,,,,,,,,,,,,,,,,,,,,,,,,,,,,,,,,,,,,,
38,flower_55,image_04706.jpg,image_04764.jpg,image_04710.jpg,image_04726.jpg,image_04749.jpg,image_04759.jpg,image_04719.jpg,image_04744.jpg,image_04745.jpg,image_04766.jpg,image_04720.jpg,image_04699.jpg,image_04754.jpg,image_04748.jpg,image_04755.jpg,image_04732.jpg,image_04709.jpg,image_04715.jpg,image_04723.jpg,image_04752.jpg,image_04701.jpg,image_04718.jpg,image_04765.jpg,image_04761.jpg,image_04758.jpg,image_04762.jpg,image_04729.jpg,image_04743.jpg,image_04740.jpg,image_04717.jpg,image_04708.jpg,image_04747.jpg,image_04727.jpg,image_04716.jpg,image_04697.jpg,image_04753.jpg,image_04751.jpg,image_04737.jpg,image_04700.jpg,image_04742.jpg,image_04721.jpg,image_04724.jpg,image_04763.jpg,image_04713.jpg,image_04712.jpg,image_04733.jpg,image_04750.jpg,image_04725.jpg,image_04730.jpg,image_04714.jpg,image_04705.jpg,image_04711.jpg,image_04741.jpg,image_04738.jpg,image_04757.jpg,image_04756.jpg,,,,,,,,,,,,,,,,,,,,,,,,,,,,,,,,,,,,,,,,,,,,,,,,,,,,,,,,,,,,,,,,,,,,,,,,,,,,,,,,,,,,,,,,,,,,,,,,,,,,,,,,,,,,,,,,,,,,,,,,,,,,,,,,,,,,,,,,,,,,,,,,,,,,,,
39,flower_48,image_04632.jpg,image_04638.jpg,image_04630.jpg,image_04641.jpg,image_04689.jpg,image_04653.jpg,image_04691.jpg,image_04654.jpg,image_04692.jpg,image_04644.jpg,image_04675.jpg,image_04667.jpg,image_04685.jpg,image_04677.jpg,image_04643.jpg,image_04663.jpg,image_04679.jpg,image_04682.jpg,image_04666.jpg,image_04659.jpg,image_04684.jpg,image_04690.jpg,image_04669.jpg,image_04688.jpg,image_04625.jpg,image_04686.jpg,image_04657.jpg,image_04674.jpg,image_04673.jpg,image_04658.jpg,image_04645.jpg,image_04651.jpg,image_04648.jpg,image_04687.jpg,image_04661.jpg,image_04627.jpg,image_04672.jpg,image_04660.jpg,image_04652.jpg,image_04640.jpg,image_04664.jpg,image_04683.jpg,image_04649.jpg,image_04629.jpg,image_04671.jpg,image_04637.jpg,image_04635.jpg,image_04631.jpg,image_04626.jpg,image_04693.jpg,image_04694.jpg,image_04665.jpg,image_04655.jpg,image_04636.jpg,image_04634.jpg,image_04647.jpg,,,,,,,,,,,,,,,,,,,,,,,,,,,,,,,,,,,,,,,,,,,,,,,,,,,,,,,,,,,,,,,,,,,,,,,,,,,,,,,,,,,,,,,,,,,,,,,,,,,,,,,,,,,,,,,,,,,,,,,,,,,,,,,,,,,,,,,,,,,,,,,,,,,,,,
40,flower_97,image_07713.jpg,image_07685.jpg,image_07721.jpg,image_07707.jpg,image_07698.jpg,image_07739.jpg,image_07701.jpg,image_07712.jpg,image_07695.jpg,image_07747.jpg,image_07727.jpg,image_07750.jpg,image_07696.jpg,image_07732.jpg,image_07711.jpg,image_07740.jpg,image_07736.jpg,image_07724.jpg,image_07690.jpg,image_07745.jpg,image_07725.jpg,image_07733.jpg,image_07716.jpg,image_07731.jpg,image_07726.jpg,image_07746.jpg,image_07699.jpg,image_07689.jpg,image_07738.jpg,image_07694.jpg,image_07734.jpg,image_07686.jpg,image_07743.jpg,image_07728.jpg,image_07708.jpg,image_07709.jpg,image_07692.jpg,image_07737.jpg,image_07715.jpg,image_07702.jpg,image_07730.jpg,image_07687.jpg,image_07691.jpg,image_07749.jpg,image_07722.jpg,image_07688.jpg,image_07714.jpg,image_07729.jpg,image_07693.jpg,image_07719.jpg,image_07700.jpg,image_07697.jpg,,,,,,,,,,,,,,,,,,,,,,,,,,,,,,,,,,,,,,,,,,,,,,,,,,,,,,,,,,,,,,,,,,,,,,,,,,,,,,,,,,,,,,,,,,,,,,,,,,,,,,,,,,,,,,,,,,,,,,,,,,,,,,,,,,,,,,,,,,,,,,,,,,,,,,,,,,
41,flower_75,image_02106.jpg,image_02179.jpg,image_02126.jpg,image_02183.jpg,image_02182.jpg,image_02079.jpg,image_02083.jpg,image_02135.jpg,image_02133.jpg,image_02169.jpg,image_02115.jpg,image_02172.jpg,image_02164.jpg,image_02132.jpg,image_02175.jpg,image_02178.jpg,image_02160.jpg,image_02156.jpg,image_02157.jpg,image_02095.jpg,image_02123.jpg,image_02081.jpg,image_02153.jpg,image_02110.jpg,image_02147.jpg,image_02074.jpg,image_02109.jpg,image_02121.jpg,image_02101.jpg,image_02125.jpg,image_02090.jpg,image_02155.jpg,image_02075.jpg,image_02142.jpg,image_02150.jpg,image_02098.jpg,image_02144.jpg,image_02100.jpg,image_02141.jpg,image_02174.jpg,image_02099.jpg,image_02117.jpg,image_02078.jpg,image_02077.jpg,image_02091.jpg,image_02143.jpg,image_02176.jpg,image_02180.jpg,image_02165.jpg,image_02161.jpg,image_02103.jpg,image_02134.jpg,image_02129.jpg,image_02102.jpg,image_02080.jpg,image_02122.jpg,image_02088.jpg,image_02113.jpg,image_02092.jpg,image_02073.jpg,image_02070.jpg,image_02108.jpg,image_02167.jpg,image_02138.jpg,image_02145.jpg,image_02069.jpg,image_02112.jpg,image_02084.jpg,image_02120.jpg,image_02166.jpg,image_02105.jpg,image_02107.jpg,image_02082.jpg,image_02139.jpg,image_02171.jpg,image_02186.jpg,image_02124.jpg,image_02162.jpg,image_02137.jpg,image_02116.jpg,image_02118.jpg,image_02152.jpg,image_02128.jpg,image_02096.jpg,image_02159.jpg,image_02154.jpg,image_02127.jpg,image_02131.jpg,image_02072.jpg,image_02163.jpg,image_02086.jpg,image_02149.jpg,image_02177.jpg,image_02158.jpg,image_02085.jpg,image_02130.jpg,,,,,,,,,,,,,,,,,,,,,,,,,,,,,,,,,,,,,,,,,,,,,,,,,,,,,,,,,,,,,,,,,,,,,,,,,,,,,,,,,,,,,,,,,,,,,,,,,,,,,,,,,,,,,,
42,flower_40,image_04578.jpg,image_04574.jpg,image_04597.jpg,image_04572.jpg,image_04562.jpg,image_04569.jpg,image_04564.jpg,image_04570.jpg,image_04586.jpg,image_04613.jpg,image_04575.jpg,image_04618.jpg,image_04571.jpg,image_04584.jpg,image_04602.jpg,image_04593.jpg,image_04614.jpg,image_04588.jpg,image_04563.jpg,image_04579.jpg,image_04577.jpg,image_04612.jpg,image_04607.jpg,image_04560.jpg,image_04601.jpg,image_04608.jpg,image_04573.jpg,image_04615.jpg,image_04594.jpg,image_04620.jpg,image_04621.jpg,image_04624.jpg,image_04583.jpg,image_04598.jpg,image_04568.jpg,image_04582.jpg,image_04599.jpg,image_04581.jpg,image_04565.jpg,image_04606.jpg,image_04559.jpg,image_04592.jpg,image_04596.jpg,image_04600.jpg,image_04580.jpg,image_04609.jpg,image_04604.jpg,image_04619.jpg,image_04585.jpg,image_04567.jpg,image_04611.jpg,image_04603.jpg,image_04587.jpg,,,,,,,,,,,,,,,,,,,,,,,,,,,,,,,,,,,,,,,,,,,,,,,,,,,,,,,,,,,,,,,,,,,,,,,,,,,,,,,,,,,,,,,,,,,,,,,,,,,,,,,,,,,,,,,,,,,,,,,,,,,,,,,,,,,,,,,,,,,,,,,,,,,,,,,,,
43,flower_6,image_07184.jpg,image_07190.jpg,image_08111.jpg,image_07195.jpg,image_07172.jpg,image_08110.jpg,image_07174.jpg,image_07187.jpg,image_07198.jpg,image_07194.jpg,image_07178.jpg,image_07180.jpg,image_07163.jpg,image_07196.jpg,image_07166.jpg,image_07186.jpg,image_07193.jpg,image_07176.jpg,image_07188.jpg,image_07162.jpg,image_07182.jpg,image_07191.jpg,image_07170.jpg,image_07192.jpg,image_08105.jpg,image_08107.jpg,image_07175.jpg,image_07197.jpg,image_07189.jpg,image_08106.jpg,image_07199.jpg,image_07165.jpg,image_07179.jpg,image_07164.jpg,image_07185.jpg,image_07169.jpg,,,,,,,,,,,,,,,,,,,,,,,,,,,,,,,,,,,,,,,,,,,,,,,,,,,,,,,,,,,,,,,,,,,,,,,,,,,,,,,,,,,,,,,,,,,,,,,,,,,,,,,,,,,,,,,,,,,,,,,,,,,,,,,,,,,,,,,,,,,,,,,,,,,,,,,,,,,,,,,,,,,,,,,,,,
44,flower_61,image_06279.jpg,image_06282.jpg,image_06255.jpg,image_06264.jpg,image_06256.jpg,image_06252.jpg,image_06257.jpg,image_06270.jpg,image_06253.jpg,image_06283.jpg,image_06284.jpg,image_06275.jpg,image_06267.jpg,image_06248.jpg,image_06285.jpg,image_06259.jpg,image_06286.jpg,image_06281.jpg,image_06250.jpg,image_06291.jpg,image_06278.jpg,image_06277.jpg,image_06249.jpg,image_06294.jpg,image_06274.jpg,image_06296.jpg,image_06289.jpg,image_06265.jpg,image_06276.jpg,image_06292.jpg,image_06254.jpg,image_06251.jpg,image_06266.jpg,image_06280.jpg,image_06269.jpg,image_06261.jpg,image_06273.jpg,image_06293.jpg,image_06268.jpg,image_06260.jpg,,,,,,,,,,,,,,,,,,,,,,,,,,,,,,,,,,,,,,,,,,,,,,,,,,,,,,,,,,,,,,,,,,,,,,,,,,,,,,,,,,,,,,,,,,,,,,,,,,,,,,,,,,,,,,,,,,,,,,,,,,,,,,,,,,,,,,,,,,,,,,,,,,,,,,,,,,,,,,,,,,,,,,
45,flower_76,image_02505.jpg,image_02469.jpg,image_02472.jpg,image_02511.jpg,image_02529.jpg,image_02522.jpg,image_02547.jpg,image_02499.jpg,image_02482.jpg,image_02513.jpg,image_02550.jpg,image_02539.jpg,image_02531.jpg,image_02518.jpg,image_02537.jpg,image_02507.jpg,image_02497.jpg,image_02484.jpg,image_02453.jpg,image_02448.jpg,image_02489.jpg,image_02493.jpg,image_02494.jpg,image_02475.jpg,image_02551.jpg,image_02552.jpg,image_02451.jpg,image_02533.jpg,image_02542.jpg,image_02523.jpg,image_02491.jpg,image_02483.jpg,image_02488.jpg,image_02545.jpg,image_02465.jpg,image_02481.jpg,image_02467.jpg,image_02503.jpg,image_02454.jpg,image_02461.jpg,image_02536.jpg,image_02477.jpg,image_02463.jpg,image_02464.jpg,image_02446.jpg,image_02504.jpg,image_02519.jpg,image_02548.jpg,image_02473.jpg,image_02512.jpg,image_02492.jpg,image_02466.jpg,image_02516.jpg,image_02517.jpg,image_02526.jpg,image_02458.jpg,image_02496.jpg,image_02510.jpg,image_02490.jpg,image_02468.jpg,image_02549.jpg,image_02524.jpg,image_02457.jpg,image_02530.jpg,image_02449.jpg,image_02476.jpg,image_02460.jpg,image_02515.jpg,image_02470.jpg,image_02521.jpg,image_02535.jpg,image_02462.jpg,image_02478.jpg,image_02509.jpg,image_02508.jpg,image_02479.jpg,image_02500.jpg,image_02527.jpg,image_02480.jpg,image_02495.jpg,image_02471.jpg,image_02485.jpg,image_02538.jpg,image_02502.jpg,image_02474.jpg,,,,,,,,,,,,,,,,,,,,,,,,,,,,,,,,,,,,,,,,,,,,,,,,,,,,,,,,,,,,,,,,,,,,,,,,,,,,,,,,,,,,,,,,,,,,,,,,,,,,,,,,,,,,,,,,,,,,,,,,,
46,flower_11,image_03156.jpg,image_03114.jpg,image_03097.jpg,image_03172.jpg,image_03163.jpg,image_03162.jpg,image_03151.jpg,image_03134.jpg,image_03166.jpg,image_03119.jpg,image_03158.jpg,image_03170.jpg,image_03167.jpg,image_03161.jpg,image_03175.jpg,image_03141.jpg,image_03132.jpg,image_03150.jpg,image_03103.jpg,image_03159.jpg,image_03106.jpg,image_03181.jpg,image_03121.jpg,image_03131.jpg,image_03171.jpg,image_03155.jpg,image_03100.jpg,image_03105.jpg,image_03180.jpg,image_03135.jpg,image_03147.jpg,image_03129.jpg,image_03104.jpg,image_03157.jpg,image_03126.jpg,image_03153.jpg,image_03122.jpg,image_03165.jpg,image_03107.jpg,image_03154.jpg,image_03113.jpg,image_03136.jpg,image_03152.jpg,image_03177.jpg,image_03133.jpg,image_03110.jpg,image_03137.jpg,image_03160.jpg,image_03148.jpg,image_03102.jpg,image_03178.jpg,image_03118.jpg,image_03124.jpg,image_03111.jpg,image_03174.jpg,image_03142.jpg,image_03123.jpg,image_03140.jpg,image_03144.jpg,image_03173.jpg,image_03168.jpg,image_03096.jpg,image_03169.jpg,image_03099.jpg,image_03120.jpg,image_03149.jpg,image_03176.jpg,image_03130.jpg,image_03164.jpg,,,,,,,,,,,,,,,,,,,,,,,,,,,,,,,,,,,,,,,,,,,,,,,,,,,,,,,,,,,,,,,,,,,,,,,,,,,,,,,,,,,,,,,,,,,,,,,,,,,,,,,,,,,,,,,,,,,,,,,,,,,,,,,,,,,,,,,,,
47,flower_44,image_01516.jpg,image_01552.jpg,image_01530.jpg,image_01514.jpg,image_01572.jpg,image_01555.jpg,image_01519.jpg,image_01557.jpg,image_01495.jpg,image_01578.jpg,image_01493.jpg,image_01579.jpg,image_01551.jpg,image_01543.jpg,image_01546.jpg,image_01491.jpg,image_01522.jpg,image_01517.jpg,image_01533.jpg,image_01570.jpg,image_01527.jpg,image_01492.jpg,image_01573.jpg,image_01548.jpg,image_01582.jpg,image_01497.jpg,image_01531.jpg,image_01553.jpg,image_01561.jpg,image_01545.jpg,image_01580.jpg,image_01571.jpg,image_01566.jpg,image_01521.jpg,image_01565.jpg,image_01542.jpg,image_01563.jpg,image_01502.jpg,image_01567.jpg,image_01501.jpg,image_01536.jpg,image_01503.jpg,image_01535.jpg,image_01539.jpg,image_01510.jpg,image_01560.jpg,image_01499.jpg,image_01500.jpg,image_01556.jpg,image_01562.jpg,image_01559.jpg,image_01528.jpg,image_01520.jpg,image_01504.jpg,image_01508.jpg,image_01568.jpg,image_01515.jpg,image_01526.jpg,image_01549.jpg,image_01550.jpg,image_01554.jpg,image_01513.jpg,image_01511.jpg,image_01509.jpg,image_01512.jpg,image_01507.jpg,image_01498.jpg,image_01583.jpg,image_01538.jpg,image_01523.jpg,image_01544.jpg,image_01547.jpg,image_01506.jpg,image_01558.jpg,,,,,,,,,,,,,,,,,,,,,,,,,,,,,,,,,,,,,,,,,,,,,,,,,,,,,,,,,,,,,,,,,,,,,,,,,,,,,,,,,,,,,,,,,,,,,,,,,,,,,,,,,,,,,,,,,,,,,,,,,,,,,,,,,,,,
48,flower_74,image_01265.jpg,image_01205.jpg,image_01222.jpg,image_01186.jpg,image_01163.jpg,image_01237.jpg,image_01253.jpg,image_01290.jpg,image_01263.jpg,image_01169.jpg,image_01234.jpg,image_01151.jpg,image_01217.jpg,image_01216.jpg,image_01242.jpg,image_01298.jpg,image_01218.jpg,image_01229.jpg,image_01232.jpg,image_01198.jpg,image_01308.jpg,image_01225.jpg,image_01189.jpg,image_01258.jpg,image_01185.jpg,image_01285.jpg,image_01180.jpg,image_01167.jpg,image_01166.jpg,image_01179.jpg,image_01278.jpg,image_01197.jpg,image_01211.jpg,image_01287.jpg,image_01236.jpg,image_01233.jpg,image_01276.jpg,image_01250.jpg,image_01251.jpg,image_01312.jpg,image_01159.jpg,image_01243.jpg,image_01293.jpg,image_01310.jpg,image_01238.jpg,image_01286.jpg,image_01168.jpg,image_01301.jpg,image_01279.jpg,image_01171.jpg,image_01156.jpg,image_01289.jpg,image_01269.jpg,image_01299.jpg,image_01207.jpg,image_01259.jpg,image_01212.jpg,image_01153.jpg,image_01294.jpg,image_01158.jpg,image_01152.jpg,image_01266.jpg,image_01240.jpg,image_01181.jpg,image_01303.jpg,image_01202.jpg,image_01226.jpg,image_01154.jpg,image_01175.jpg,image_01267.jpg,image_01241.jpg,image_01302.jpg,image_01187.jpg,image_01177.jpg,image_01150.jpg,image_01277.jpg,image_01227.jpg,image_01252.jpg,image_01297.jpg,image_01257.jpg,image_01247.jpg,image_01162.jpg,image_01143.jpg,image_01170.jpg,image_01192.jpg,image_01264.jpg,image_01313.jpg,image_01224.jpg,image_01268.jpg,image_01148.jpg,image_01160.jpg,image_01145.jpg,image_01149.jpg,image_01190.jpg,image_01165.jpg,image_01157.jpg,image_01255.jpg,image_01191.jpg,image_01311.jpg,image_01184.jpg,image_01215.jpg,image_01254.jpg,image_01284.jpg,image_01174.jpg,image_01221.jpg,image_01147.jpg,image_01199.jpg,image_01306.jpg,image_01288.jpg,image_01262.jpg,image_01239.jpg,image_01271.jpg,image_01200.jpg,image_01204.jpg,image_01283.jpg,image_01155.jpg,image_01274.jpg,image_01307.jpg,image_01291.jpg,image_01231.jpg,image_01228.jpg,image_01275.jpg,image_01176.jpg,image_01256.jpg,image_01261.jpg,image_01248.jpg,image_01173.jpg,image_01196.jpg,image_01249.jpg,image_01295.jpg,image_01292.jpg,image_01146.jpg,image_01195.jpg,image_01309.jpg,image_01260.jpg,image_01161.jpg,,,,,,,,,,,,,,,,,,,,,,,,,,,,,,,,,,,,,,,,,,,,,,,,,,,,,,,,,,,,,,,,,,,,,,
49,flower_49,image_06224.jpg,image_06222.jpg,image_06220.jpg,image_06227.jpg,image_06226.jpg,image_06234.jpg,image_06243.jpg,image_06235.jpg,image_06199.jpg,image_06230.jpg,image_06218.jpg,image_06239.jpg,image_06209.jpg,image_06240.jpg,image_06208.jpg,image_06223.jpg,image_06215.jpg,image_06233.jpg,image_06211.jpg,image_06210.jpg,image_06219.jpg,image_06198.jpg,image_06217.jpg,image_06201.jpg,image_06244.jpg,image_06216.jpg,image_06225.jpg,image_06238.jpg,image_06241.jpg,image_06202.jpg,image_06214.jpg,image_06245.jpg,image_06228.jpg,image_06206.jpg,image_06207.jpg,image_06203.jpg,image_06236.jpg,image_06246.jpg,image_06204.jpg,,,,,,,,,,,,,,,,,,,,,,,,,,,,,,,,,,,,,,,,,,,,,,,,,,,,,,,,,,,,,,,,,,,,,,,,,,,,,,,,,,,,,,,,,,,,,,,,,,,,,,,,,,,,,,,,,,,,,,,,,,,,,,,,,,,,,,,,,,,,,,,,,,,,,,,,,,,,,,,,,,,,,,,
