,Unnamed: 0,0,1,2,3,4,5,6,7,8,9,10,11,12,13,14,15,16,17,18,19,20,21,22,23,24,25,26,27,28,29,30,31,32,33,34,35,36,37,38,39,40,41,42,43,44,45,46,47,48,49,50,51,52,53,54,55,56,57,58,59,60,61,62,63,64,65,66,67,68,69,70,71,72,73,74,75,76,77,78,79,80,81,82,83,84,85,86,87,88,89,90,91,92,93,94,95,96,97,98,99,100,101,102,103,104,105,106,107,108,109,110,111,112,113,114,115,116,117,118,119,120,121,122,123,124,125,126,127,128,129,130,131,132,133,134,135,136,137,138,139,140,141,142,143,144,145,146,147,148,149,150,151,152,153,154,155,156,157,158,159,160,161,162,163,164,165,166,167,168,169,170,171,172,173,174,175,176,177,178,179,180,181,182,183,184,185,186,187,188,189,190,191,192,193,194,195,196,197,198,199,200,201,202,203,204,205,206,207,208,209,210,211,212,213,214,215,216,217,218,219,220,221,222,223,224,225,226,227,228,229,230,231,232,233,234,235,236,237,238,239,240,241,242,243,244,245,246,247,248,249,250,251,252,253,254,255,256,257,258,259,260,261,262,263,264,265,266,267,268,269,270,271,272,273,274,275,276,277,278,279,280,281,282,283,284,285,286,287,288,289,290,291,292,293,294,295,296,297,298,299,300,301,302,303,304,305,306,307,308,309,310,311,312,313,314,315,316,317,318,319,320,321,322,323,324,325,326,327,328,329,330,331,332,333,334,335,336,337,338,339,340,341,342,343,344,345,346,347,348,349,350,351,352,353,354,355,356,357,358,359,360,361,362,363,364,365,366,367,368,369,370,371,372,373,374,375,376,377,378,379,380,381,382,383,384,385,386,387,388,389,390,391,392,393,394,395,396,397,398,399,400,401,402,403,404,405,406,407,408,409,410,411,412,413,414,415,416,417,418,419,420,421,422,423,424,425,426,427,428,429,430,431,432,433,434,435,436,437,438,439,440,441,442,443,444,445,446,447,448,449,450,451,452,453,454,455,456,457,458,459,460,461,462,463,464,465,466,467,468,469,470,471,472,473,474,475,476,477,478,479,480,481,482,483,484,485,486,487,488,489,490,491,492,493,494,495,496,497,498,499,500,501,502,503,504,505,506,507,508,509,510,511,512,513,514,515,516,517,518,519,520,521,522,523,524,525,526,527,528,529,530,531,532,533,534,535,536,537,538,539,540,541,542,543,544,545,546,547,548,549,550,551,552,553,554,555,556,557,558,559,560,561,562,563,564,565,566,567,568,569,570,571,572,573,574,575,576,577,578,579,580,581,582,583,584,585,586
0,mall,Mall_of_America2.jpg,mall03.jpg,larcomar_shopping.jpg,IMG_0111_Takashimayafoyer.jpg,arndale_manchester.jpg,mall21.jpg,70_12_03_01.jpg,mall18.jpg,mall25.jpg,2904502_Podium_shopping_mall_Mandaluyong.jpg,chp_shoppingmall.jpg,dungarv_new_mall.jpg,wafi_shopping_center.jpg,ins45.jpg,PublicP131C_L.jpg,latham_circle_mall_16.jpg,Galleria_at_Sunset_11.jpg,ins41.jpg,mall20.jpg,eaton_centre_2001_03.jpg,mall41.jpg,wMallAmInt2_ep.jpg,shop24.jpg,mall24.jpg,mall46.jpg,mall17.jpg,PICT0603.jpg,hillsdale_shopping_center.jpg,main_boutique_b.jpg,mall32.jpg,milano_galleria_statues.jpg,p312066_PATIO_OLMOS_SHOPPING_CENTER.jpg,Rome_Shopping_mall.jpg,article_1021493_05F671510000044D_773_468x286.jpg,mall28.jpg,city_stars_mall_egyptgif_gif.jpg,800px_Dalian_large_Shopping_Mall_2005.jpg,MallAmericaRides.jpg,easyfranchise_centre_commercial_1.jpg,SHOPPING_MALL_PIC.jpg,Moscow2006ssIMG_7450.jpg,Scarpe_Italiane_Milan_Italy.jpg,room402.jpg,mall05.jpg,south_bay_galleria_03.jpg,386349.jpg,GUM_Department_Store.jpg,14966_o_1.jpg,HoustonGalleria_XMas.jpg,url.jpg,atrio_home.jpg,thumb_3aa796fc07fe0a44839609f6fffb7384_a1151d110007d93035896c753526fed3.jpg,mall08.jpg,mall04.jpg,800px_Interior_mall_of_america.jpg,lakeside_center_42.jpg,mall12.jpg,ins44.jpg,ins34.jpg,Shopping-mall.jpg,mall09.jpg,mall30.jpg,Mall_Of_America3.jpg,auckland_shopping_mall.jpg,mall19.jpg,mall_of_america.jpg,shopping_mall.jpg,center_point.jpg,galleria2.jpg,PICT0009.jpg,p95536_Minneapolis_Mall_of_America.jpg,northwoods_mall_07.jpg,IMG_6449.jpg,ins46.jpg,34970_1_0012.jpg,134972740_7245ee2400.jpg,mall07.jpg,West_End_Mall_1_DSC01798_m.jpg,SHOPPING.jpg,TheMallEngland.jpg,West_End_Mall_DSC_0550_m.jpg,A_Grand_240905.jpg,4984307.jpg,mall06.jpg,centralplaza.jpg,mall_india.jpg,mall43.jpg,360px_BCE_Place_Galleria_Toronto_Panorama_2002_cropped.jpg,ins35.jpg,ShopStation.jpg,Galleria_1.jpg,Galleria_003.jpg,Buenos_Aires_shopping_center_2_.jpg,supermarkt.jpg,602.jpg,2120.jpg,1782523123_756a565e97.jpg,mallparadisevalley03.jpg,ShopView_Gesundbrunnen.jpg,2007_02_galleria.jpg,ar118983325881591.jpg,cover_home3.jpg,atrium2.jpg,Wafi_RamRaid_Hussein_GNreader.jpg,mall37.jpg,400px_Centre_Commercial_de_Balexert.jpg,d8.jpg,31990541_ShanghaiDepartmentStoreNanjingRoad002.jpg,moa1.jpg,hillsdale_mall_photo1.jpg,7mall_main.jpg,663265908_597972e155.jpg,ins47.jpg,ins42.jpg,eastridg1.jpg,y1pSu087_GTs3Qjf_zXRR_cQ05_sTqPwFpKHEiAthZJft3pnI3nF082_H06_1yvbjB5hJ0EhbGFFXE.jpg,West_End_Mall_2_DSC01799_m.jpg,mall14.jpg,4Larcomar_Shopping_Center.jpg,metcalf_south_09.jpg,Galleria_Entry.jpg,hillsdale_mall_photo2.jpg,mall13.jpg,3163.jpg,PublicP117C_L.jpg,ShoppingMall.jpg,shopping_mall_photo_Tomitheos.jpg,mall11.jpg,shopping_mall_3.jpg,mall23.jpg,galleria1.jpg,shopping mall.jpg,ins23.jpg,190519_REC_01_J.jpg,mall38.jpg,full_shopping_Central_1.jpg,ins40.jpg,mallarizonamills01.jpg,mbk_center.jpg,mall48.jpg,,,,,,,,,,,,,,,,,,,,,,,,,,,,,,,,,,,,,,,,,,,,,,,,,,,,,,,,,,,,,,,,,,,,,,,,,,,,,,,,,,,,,,,,,,,,,,,,,,,,,,,,,,,,,,,,,,,,,,,,,,,,,,,,,,,,,,,,,,,,,,,,,,,,,,,,,,,,,,,,,,,,,,,,,,,,,,,,,,,,,,,,,,,,,,,,,,,,,,,,,,,,,,,,,,,,,,,,,,,,,,,,,,,,,,,,,,,,,,,,,,,,,,,,,,,,,,,,,,,,,,,,,,,,,,,,,,,,,,,,,,,,,,,,,,,,,,,,,,,,,,,,,,,,,,,,,,,,,,,,,,,,,,,,,,,,,,,,,,,,,,,,,,,,,,,,,,,,,,,,,,,,,,,,,,,,,,,,,,,,,,,,,,,,,,,,,,,,,,,,,,,,,,,,,,,,,,,,,,,,,,,,,,,,,,,,,,,,,,,,,,,,,,,
1,studiomusic,1175259599.jpg,82793611.oGmwNa9a.20070629studio01comp.jpg,control_water_music.jpg,sala6.jpg,fqtr_estudio.jpg,studio_overall.jpg,08_alex_studio_shoot_053.jpg,Music_Studio_150_dpi.jpg,djban_curso_dj_01.jpg,IglooMusicStudio2.jpg,studio87.jpg,lime_grove_music_studio_bob_foley.jpg,electronic_music1.jpg,BB_Studio_1_Mar2005_800.jpg,int285.jpg,pic3.jpg,wideshot_main_studio.jpg,djban_estudio_01.jpg,studiomusic.jpg,studio14.jpg,recording_studio.jpg,deep_studios_901.jpg,p_14_Music_studio.jpg,SynthesizerStudio.jpg,estudio.jpg,novedades639.jpg,851_bandroom.jpg,Beach_Studio.jpg,mixingdesk.jpg,music_studio1.jpg,int806.jpg,StudioA1.jpg,studio_2.jpg,14770A04.jpg,estudio01.jpg,6176_2.jpg,Sala_de_actuacion.jpg,262039342_29adefe21f.jpg,int773.jpg,estudio43.jpg,room222.jpg,Studio1.jpg,int769.jpg,int771.jpg,JUK30_JP6_Hifi_RackLit.jpg,studio2.jpg,home.jpg,MainStudio3.jpg,Music_Studio.jpg,Studio1small.jpg,RecordingStudio.jpg,estudio_de_grabacion12.jpg,studio_1.jpg,int807.jpg,music_studio12.jpg,364906b0.jpg,studio_a.jpg,int772.jpg,22949091_692d02b8f1.jpg,DSCN3237M.jpg,panoramica.jpg,int774.jpg,control_room_web.jpg,8w6zwW793879_mediano.jpg,ControlRoomSm.jpg,solarstudio.jpg,blossom_music_studio_2.jpg,60984.jpg,control.jpg,Jw1qBartists1166828911.jpg,frente3.jpg,control5g.jpg,studio21.jpg,lateraltecnico.jpg,117989573_65294a6fcb.jpg,int804.jpg,estudio02.jpg,estudio1b.jpg,CzaplaMusicStudio_1.jpg,susustudio.jpg,studio99.jpg,int597.jpg,clients_forge1.jpg,clients_forge2.jpg,Studiow560h420.jpg,,,,,,,,,,,,,,,,,,,,,,,,,,,,,,,,,,,,,,,,,,,,,,,,,,,,,,,,,,,,,,,,,,,,,,,,,,,,,,,,,,,,,,,,,,,,,,,,,,,,,,,,,,,,,,,,,,,,,,,,,,,,,,,,,,,,,,,,,,,,,,,,,,,,,,,,,,,,,,,,,,,,,,,,,,,,,,,,,,,,,,,,,,,,,,,,,,,,,,,,,,,,,,,,,,,,,,,,,,,,,,,,,,,,,,,,,,,,,,,,,,,,,,,,,,,,,,,,,,,,,,,,,,,,,,,,,,,,,,,,,,,,,,,,,,,,,,,,,,,,,,,,,,,,,,,,,,,,,,,,,,,,,,,,,,,,,,,,,,,,,,,,,,,,,,,,,,,,,,,,,,,,,,,,,,,,,,,,,,,,,,,,,,,,,,,,,,,,,,,,,,,,,,,,,,,,,,,,,,,,,,,,,,,,,,,,,,,,,,,,,,,,,,,,,,,,,,,,,,,,,,,,,,,,,,,,,,,,,,,,,,,,,,,,,,,,,,,,,,,,,,
2,bar,bar_0146.jpg,bar_0317.jpg,bar_0390.jpg,bar_0494.jpg,bar_0443.jpg,bar_0007.jpg,bar_0211.jpg,bar_0212.jpg,bar_0374.jpg,bar_0036.jpg,bar_0205.jpg,bar_0143.jpg,bar_0189.jpg,bar_0467.jpg,bar_0034.jpg,bar_0102.jpg,bar_0503.jpg,bar_0138.jpg,bar_0515.jpg,bar_0530.jpg,bar_0452.jpg,bar_0203.jpg,bar_0160.jpg,bar_0292.jpg,bar_0018.jpg,bar_0049.jpg,bar_0191.jpg,bar_0566.jpg,bar_0461.jpg,bar_0569.jpg,bar_0172.jpg,bar_0489.jpg,bar_0140.jpg,bar_0141.jpg,bar_0014.jpg,bar_0009.jpg,bar_0113.jpg,bar_0404.jpg,bar_0586.jpg,bar_0417.jpg,bar_0362.jpg,bar_0415.jpg,bar_0246.jpg,bar_0267.jpg,bar_0272.jpg,bar_0486.jpg,bar_0327.jpg,bar_0488.jpg,bar_0062.jpg,bar_0491.jpg,bar_0518.jpg,bar_0372.jpg,bar_0499.jpg,bar_0368.jpg,bar_0584.jpg,bar_0540.jpg,bar_0335.jpg,bar_0173.jpg,bar_0412.jpg,bar_0482.jpg,bar_0539.jpg,bar_0338.jpg,bar_0462.jpg,bar_0560.jpg,bar_0533.jpg,bar_0324.jpg,bar_0299.jpg,bar_0596.jpg,bar_0002.jpg,bar_0585.jpg,bar_0013.jpg,bar_0032.jpg,bar_0119.jpg,bar_0480.jpg,bar_0286.jpg,bar_0523.jpg,bar_0425.jpg,bar_0090.jpg,bar_0538.jpg,bar_0460.jpg,bar_0184.jpg,bar_0551.jpg,bar_0543.jpg,bar_0181.jpg,bar_0352.jpg,bar_0248.jpg,bar_0441.jpg,bar_0147.jpg,bar_0356.jpg,bar_0305.jpg,bar_0554.jpg,bar_0075.jpg,bar_0301.jpg,bar_0168.jpg,bar_0592.jpg,bar_0421.jpg,bar_0355.jpg,bar_0602.jpg,bar_0409.jpg,bar_0019.jpg,bar_0076.jpg,bar_0159.jpg,bar_0453.jpg,bar_0166.jpg,bar_0468.jpg,bar_0165.jpg,bar_0370.jpg,bar_0577.jpg,bar_0219.jpg,bar_0323.jpg,bar_0485.jpg,bar_0477.jpg,bar_0240.jpg,bar_0290.jpg,bar_0537.jpg,bar_0242.jpg,bar_0309.jpg,bar_0053.jpg,bar_0379.jpg,bar_0179.jpg,bar_0553.jpg,bar_0532.jpg,bar_0322.jpg,bar_0209.jpg,bar_0541.jpg,bar_0517.jpg,bar_0319.jpg,bar_0058.jpg,bar_0364.jpg,bar_0161.jpg,bar_0027.jpg,bar_0507.jpg,bar_0067.jpg,bar_0017.jpg,bar_0243.jpg,bar_0593.jpg,bar_0559.jpg,bar_0583.jpg,bar_0249.jpg,bar_0320.jpg,bar_0182.jpg,bar_0337.jpg,bar_0321.jpg,bar_0375.jpg,bar_0399.jpg,bar_0544.jpg,bar_0454.jpg,bar_0111.jpg,bar_0158.jpg,bar_0037.jpg,bar_0270.jpg,bar_0231.jpg,bar_0423.jpg,bar_0095.jpg,bar_0266.jpg,bar_0588.jpg,bar_0332.jpg,bar_0361.jpg,bar_0457.jpg,bar_0448.jpg,bar_0358.jpg,bar_0600.jpg,bar_0397.jpg,bar_0429.jpg,bar_0514.jpg,bar_0118.jpg,bar_0449.jpg,bar_0123.jpg,bar_0420.jpg,bar_0339.jpg,bar_0055.jpg,bar_0277.jpg,bar_0304.jpg,bar_0473.jpg,bar_0440.jpg,bar_0084.jpg,bar_0245.jpg,bar_0252.jpg,bar_0557.jpg,bar_0446.jpg,bar_0550.jpg,bar_0431.jpg,bar_0445.jpg,bar_0365.jpg,bar_0383.jpg,bar_0546.jpg,bar_0241.jpg,bar_0151.jpg,bar_0124.jpg,bar_0154.jpg,bar_0081.jpg,bar_0357.jpg,bar_0183.jpg,bar_0561.jpg,bar_0011.jpg,bar_0228.jpg,bar_0247.jpg,bar_0282.jpg,bar_0021.jpg,bar_0573.jpg,bar_0490.jpg,bar_0177.jpg,bar_0289.jpg,bar_0295.jpg,bar_0233.jpg,bar_0535.jpg,bar_0529.jpg,bar_0052.jpg,bar_0274.jpg,bar_0079.jpg,bar_0110.jpg,bar_0349.jpg,bar_0256.jpg,bar_0261.jpg,bar_0044.jpg,bar_0264.jpg,bar_0167.jpg,bar_0254.jpg,bar_0380.jpg,bar_0259.jpg,bar_0232.jpg,bar_0088.jpg,bar_0066.jpg,bar_0474.jpg,bar_0476.jpg,bar_0348.jpg,bar_0012.jpg,bar_0048.jpg,bar_0478.jpg,bar_0041.jpg,bar_0471.jpg,bar_0313.jpg,bar_0381.jpg,bar_0133.jpg,bar_0234.jpg,bar_0139.jpg,bar_0318.jpg,bar_0164.jpg,bar_0271.jpg,bar_0157.jpg,bar_0251.jpg,bar_0108.jpg,bar_0068.jpg,bar_0120.jpg,bar_0391.jpg,bar_0572.jpg,bar_0293.jpg,bar_0590.jpg,bar_0582.jpg,bar_0190.jpg,bar_0223.jpg,bar_0598.jpg,bar_0278.jpg,bar_0508.jpg,bar_0402.jpg,bar_0351.jpg,bar_0288.jpg,bar_0328.jpg,bar_0207.jpg,bar_0031.jpg,bar_0302.jpg,bar_0369.jpg,bar_0401.jpg,bar_0005.jpg,bar_0326.jpg,bar_0101.jpg,bar_0221.jpg,bar_0033.jpg,bar_0506.jpg,bar_0162.jpg,bar_0003.jpg,bar_0373.jpg,bar_0504.jpg,bar_0571.jpg,bar_0099.jpg,bar_0092.jpg,bar_0528.jpg,bar_0040.jpg,bar_0414.jpg,bar_0029.jpg,bar_0176.jpg,bar_0023.jpg,bar_0300.jpg,bar_0552.jpg,bar_0534.jpg,bar_0456.jpg,bar_0360.jpg,bar_0463.jpg,bar_0043.jpg,bar_0604.jpg,bar_0229.jpg,bar_0116.jpg,bar_0346.jpg,bar_0400.jpg,bar_0287.jpg,bar_0281.jpg,bar_0574.jpg,bar_0416.jpg,bar_0192.jpg,bar_0025.jpg,bar_0072.jpg,bar_0310.jpg,bar_0377.jpg,bar_0206.jpg,bar_0502.jpg,bar_0112.jpg,bar_0279.jpg,bar_0171.jpg,bar_0060.jpg,bar_0589.jpg,bar_0465.jpg,bar_0178.jpg,bar_0291.jpg,bar_0479.jpg,bar_0513.jpg,bar_0284.jpg,bar_0225.jpg,bar_0070.jpg,bar_0056.jpg,bar_0188.jpg,bar_0306.jpg,bar_0396.jpg,bar_0450.jpg,bar_0226.jpg,bar_0294.jpg,bar_0100.jpg,bar_0170.jpg,bar_0451.jpg,bar_0405.jpg,bar_0136.jpg,bar_0064.jpg,bar_0547.jpg,bar_0185.jpg,bar_0193.jpg,bar_0187.jpg,bar_0244.jpg,bar_0169.jpg,bar_0411.jpg,bar_0395.jpg,bar_0433.jpg,bar_0350.jpg,bar_0524.jpg,bar_0303.jpg,bar_0001.jpg,bar_0194.jpg,bar_0117.jpg,bar_0347.jpg,bar_0224.jpg,bar_0273.jpg,bar_0046.jpg,bar_0199.jpg,bar_0325.jpg,bar_0408.jpg,bar_0128.jpg,bar_0104.jpg,bar_0283.jpg,bar_0444.jpg,bar_0208.jpg,bar_0442.jpg,bar_0511.jpg,bar_0089.jpg,bar_0258.jpg,bar_0558.jpg,bar_0051.jpg,bar_0378.jpg,bar_0096.jpg,bar_0227.jpg,bar_0469.jpg,bar_0280.jpg,bar_0268.jpg,bar_0447.jpg,bar_0071.jpg,bar_0516.jpg,bar_0086.jpg,bar_0180.jpg,bar_0297.jpg,bar_0175.jpg,bar_0238.jpg,bar_0545.jpg,bar_0403.jpg,bar_0519.jpg,bar_0039.jpg,bar_0006.jpg,bar_0568.jpg,bar_0512.jpg,bar_0493.jpg,bar_0387.jpg,bar_0556.jpg,bar_0343.jpg,bar_0521.jpg,bar_0022.jpg,bar_0498.jpg,bar_0439.jpg,bar_0198.jpg,bar_0127.jpg,bar_0424.jpg,bar_0594.jpg,bar_0555.jpg,bar_0129.jpg,bar_0522.jpg,bar_0345.jpg,bar_0500.jpg,bar_0481.jpg,bar_0074.jpg,bar_0042.jpg,bar_0132.jpg,bar_0406.jpg,bar_0354.jpg,bar_0059.jpg,bar_0576.jpg,bar_0385.jpg,bar_0366.jpg,bar_0265.jpg,bar_0054.jpg,bar_0525.jpg,bar_0548.jpg,bar_0567.jpg,bar_0311.jpg,bar_0150.jpg,bar_0061.jpg,bar_0382.jpg,bar_0137.jpg,bar_0082.jpg,bar_0599.jpg,bar_0436.jpg,bar_0312.jpg,bar_0562.jpg,bar_0496.jpg,bar_0145.jpg,bar_0430.jpg,bar_0386.jpg,bar_0107.jpg,bar_0057.jpg,bar_0510.jpg,bar_0520.jpg,bar_0580.jpg,bar_0250.jpg,bar_0195.jpg,bar_0427.jpg,bar_0601.jpg,bar_0109.jpg,bar_0376.jpg,bar_0152.jpg,bar_0087.jpg,bar_0531.jpg,bar_0470.jpg,bar_0045.jpg,bar_0484.jpg,bar_0263.jpg,bar_0028.jpg,bar_0455.jpg,bar_0505.jpg,bar_0142.jpg,bar_0016.jpg,bar_0077.jpg,bar_0069.jpg,bar_0472.jpg,bar_0392.jpg,bar_0329.jpg,bar_0213.jpg,bar_0010.jpg,bar_0340.jpg,bar_0149.jpg,bar_0091.jpg,bar_0564.jpg,bar_0026.jpg,bar_0437.jpg,bar_0235.jpg,bar_0078.jpg,bar_0085.jpg,bar_0098.jpg,bar_0579.jpg,bar_0418.jpg,bar_0122.jpg,bar_0501.jpg,bar_0094.jpg,bar_0410.jpg,bar_0563.jpg,bar_0201.jpg,bar_0130.jpg,bar_0103.jpg,bar_0093.jpg,bar_0218.jpg,,,,,,,,,,,,,,,,,,,,,,,,,,,,,,,,,,,,,,,,,,,,,,,,,,,,,,,,,,,,,,,,,,,,,,,,,,,,,,,,,,,,,,,,,,,,,,,,,,,,,,,,
3,laundromat,waschsalon_klein.jpg,lavanderia_08_16_flickr.jpg,Collage_camping_4_.jpg,Main_House_Laundry_Room.jpg,laundryroom02.jpg,lavanderia_04_11_flickr.jpg,lavanderia_65_02_flickr.jpg,laundry_room_large.jpg,ins8.jpg,lavanderia_101_20_flickr.jpg,lavanderia_61_04_flickr.jpg,Laundromat_013.jpg,LAVANDERIA3.jpg,laundry1.jpg,lavanderia_67_02_flickr.jpg,lavanderia_45_07_flickr.jpg,bondst2.jpg,VA_05_01_8200_60_l.jpg,lavanderia_99_13_flickr.jpg,Laundryroom_after.jpg,lavanderia_35_18_flickr.jpg,lavanderia_42_06_flickr.jpg,original.jpg,lavanderia_103_15_flickr.jpg,lavanderia_05_14_flickr.jpg,19_org_laundry.jpg,Laundromat455.jpg,Laundry_Room_Door_to_Garage.jpg,empty_laundromat_dryers.jpg,lavanderia_78_08_flickr.jpg,Laundromat_large_washers.jpg,Waschsalon.jpg,_fgi_RHM_foto_LaundryRoom_view_2_640_x_480.jpg,laverie092007_011.jpg,interior010.jpg,lavanderia_41_07_flickr.jpg,laundry_room1.jpg,TRAH_LaundryRoom.jpg,lavanderia_14_17_flickr.jpg,lavanderia_09_12_flickr.jpg,lavanderia_40_18_flickr.jpg,lavanderia_22_20_flickr.jpg,lavanderia_103_01_flickr.jpg,maytagLAUNDNORTHVIEW.jpg,82S2sN0jd.jpg,lavanderia_89_16_flickr.jpg,lavanderia_80_13_flickr.jpg,LaundryRoom.jpg,image052.jpg,lavanderia_48_15_flickr.jpg,Laundromat32.jpg,laundromat39.jpg,lavanderia_39_02_flickr.jpg,lavanderia_51_19_flickr.jpg,3170849.jpg,OR_03_05_1000_59_l.jpg,laundromat_1.jpg,wasserette.jpg,VA_02_01_6305_27_l.jpg,lavanderia_22_23_flickr.jpg,PH_02_04_4676_20_l.jpg,382966182_b344588c8c.jpg,Ricks_laundromat_pictures_april_2007_110.jpg,lavanderia_05_15_flickr.jpg,bondst7.jpg,lavanderia_19_19_flickr.jpg,o_laundromat.jpg,06_Greenough_Laundry_Room_and_Bike_Racks_MA.jpg,lavanderia_32_22_flickr.jpg,lavanderia_43_13_flickr.jpg,lavanderia_69_20_flickr.jpg,laundry_II.jpg,lavanderia_09_22_flickr.jpg,lavanderia_11_20_flickr.jpg,470_144925.jpg,Ricks_laundromat_pictures_april_2007_135.jpg,laundry_room_organization.jpg,AT_05_03_3000_42_l.jpg,lavanderia_49_01_flickr.jpg,laundromat_double_triple.jpg,lavanderia_97_01_flickr.jpg,PO_06_03_3000_81_l.jpg,lavanderia_23_05_flickr.jpg,LAVANDERIA1.jpg,blanchisserie.jpg,laverie.jpg,lavanderia_08_14_flickr.jpg,wasmachine.jpg,lavanderia_36_17_flickr.jpg,kachel10.jpg,Laundromat.jpg,lavanderia_12_07_flickr.jpg,251520027_f904eb4068.jpg,ins6.jpg,laundromat1.jpg,laundry_thumb.jpg,13654.jpg,AUTO_PRIDE_014_228165122_std.jpg,lavanderia_79_21_flickr.jpg,lavanderia_57_06_flickr.jpg,lavanderia_112_08_flickr.jpg,url.jpg,noosa_124.jpg,prod_883_im1.jpg,Laundromat_02.jpg,lavanderia_72_12_flickr.jpg,lavanderia_08_13_flickr.jpg,DSC01042.jpg,lavanderia_77_06_flickr.jpg,Ricks_laundromat_pictures_april_2007_139.jpg,404776986_34fc3c3d65.jpg,img_2196was.jpg,lavanderia_82_18_flickr.jpg,DSCF0383_gross.jpg,lavanderia_95_14_flickr.jpg,lavanderia_53_23_flickr.jpg,lavanderia_13_03_flickr.jpg,IMG_0957_600x450.jpg,laundromat78.jpg,lavanderia_23_01_flickr.jpg,lavanderia.jpg,lavanderia_64_19_flickr.jpg,laundry_room_2.jpg,Ricks_laundromat_pictures_april_2007_133.jpg,Guest_Laundry_Room.jpg,lavanderia_50_23_flickr.jpg,image_preview.jpg,room400.jpg,lavanderia_68_08_flickr.jpg,lavanderia_01_08_altavista.jpg,lavanderia_42_17_flickr.jpg,lavanderia_102_14_flickr.jpg,room518.jpg,518151803_a64e4defd5.jpg,lavanderia_53_19_flickr.jpg,lavanderia_106_03_flickr.jpg,lavanderia_98_07_flickr.jpg,lavanderia_05_13_flickr.jpg,5_sgw9.jpg,room207.jpg,lavanderia_09_11_flickr.jpg,laundry_60_40s_0307_medium.jpg,PIC00033.jpg,lavanderia_62_16_flickr.jpg,Basement_Laundry_Room_1.jpg,lavanderia_49_02_flickr.jpg,lavanderia_66_03_flickr.jpg,lavanderia_53_15_flickr.jpg,lavanderia_53_17_flickr.jpg,oaklandlaundromat_main_full.jpg,laundry.jpg,Catskill_Hall_Laundry_Room.jpg,images_miscellaneous_2006_wasserette_1_500x500.jpg,room401.jpg,paseacoastwash.jpg,Laundry_Room.jpg,waschsalon_0019.jpg,lavanderia_52_19_flickr.jpg,LV_02_03_9714_21_l.jpg,ins7.jpg,lavanderia_47_23_flickr.jpg,whirlpool.jpg,intrieur_laverie_wash_dry.jpg,lavanderia_96_20_flickr.jpg,lavanderia_68_07_flickr.jpg,lavanderia_53_10_flickr.jpg,100_2490_357122904_std.jpg,4_vono.jpg,lavanderia_112_10_flickr.jpg,loundromat234.jpg,lavanderia_38_05_flickr.jpg,MVC_006F.jpg,VR_06_02_2000_89_l.jpg,lavanderia_90_17_flickr.jpg,lavanderia_18_02_flickr.jpg,MVC_003F.jpg,my_laundry_room_websize.jpg,lavanderia_04_19_flickr.jpg,Waschsalon_05.jpg,685px_Laundromat_ontario.jpg,DSC00479_800x600.jpg,laund_doc_010.jpg,100_0125kleinNEW.jpg,laundrymat_1.jpg,laundry room.jpg,lavanderia_68_23_flickr.jpg,lavanderia_109_24_flickr.jpg,lavanderia_60_16_flickr.jpg,lavanderia_46_18_flickr.jpg,lavanderia_19_11_flickr.jpg,LaundryRoom2006.jpg,lavanderia_100_16_flickr.jpg,lavanderia_08_22_flickr.jpg,Laundromatyu.jpg,427252131_2816fb92f7.jpg,Ricks_laundromat_pictures_april_2007_132.jpg,lavanderia_112_14_flickr.jpg,lavanderia_110_22_flickr.jpg,lavanderia_106_04_flickr.jpg,lavanderia_60_01_flickr.jpg,lavanderia_50_17_flickr.jpg,laundromat234.jpg,2068f.jpg,lavanderia_48_01_flickr.jpg,laundromat578.jpg,537254224_d87cf74c8b.jpg,laverie0054.jpg,DSCN0682.jpg,1209023191.jpg,100_2491_357123028_std.jpg,lavanderia_45_01_flickr.jpg,Laundry_Room_bmp.jpg,VA_02_04_7112_19_l.jpg,lavanderia_80_17_flickr.jpg,laundry-room.jpg,lavanderia_22_18_flickr.jpg,how_to_organize_a_laundry_room_1.jpg,waesche.jpg,lavanderia_11_14_flickr.jpg,lavanderia_77_05_flickr.jpg,,,,,,,,,,,,,,,,,,,,,,,,,,,,,,,,,,,,,,,,,,,,,,,,,,,,,,,,,,,,,,,,,,,,,,,,,,,,,,,,,,,,,,,,,,,,,,,,,,,,,,,,,,,,,,,,,,,,,,,,,,,,,,,,,,,,,,,,,,,,,,,,,,,,,,,,,,,,,,,,,,,,,,,,,,,,,,,,,,,,,,,,,,,,,,,,,,,,,,,,,,,,,,,,,,,,,,,,,,,,,,,,,,,,,,,,,,,,,,,,,,,,,,,,,,,,,,,,,,,,,,,,,,,,,,,,,,,,,,,,,,,,,,,,,,,,,,,,,,,,,,,,,,,,,,,,,,,,,,,,,,,,,,,,,,,,,,,,,,,,,,,,,,,,,,,,,,,,,,,,,,,,,,,
4,waitingroom,salle_attente35.jpg,waiting_room_closeup_1.jpg,waiting_room_32_08_altavista.jpg,IMG_1658.jpg,waiting_room_01_09_altavista.jpg,waiting_ig.jpg,105NC_New_Reception_area_on_7th_floor.jpg,art2217_2.jpg,OGAMwaitingroom.jpg,waitingroom02.jpg,waiting_room_04_02_altavista.jpg,71_full.jpg,waiting_room_31_05_altavista.jpg,JubileeMeetingRoom.jpg,Waiting_Room_sized.jpg,Quantico_inside_web.jpg,CRL_Waitingarea.jpg,photo_1241582.jpg,waitingroom1.jpg,reception_area.jpg,MeetingPlace.jpg,sala_de_espera_01_14_altavista.jpg,WaitingArea3.jpg,sample18.jpg,lobby2.jpg,waiting_room_16_13_altavista.jpg,11.jpg,Waiting_Room1.jpg,url_1.jpg,attente.jpg,waiting_room_34_14_altavista.jpg,sLobby09.jpg,photo_hwhc_waiting.jpg,Salle_attente_clinilab_4.jpg,JHC_2.jpg,photo_office_tour_1.jpg,800px_VTBS_Waiting_room_of_Thai_Airways.jpg,development_lab_wait_room_chairs.jpg,lee1.jpg,waiting_room_40_12_altavista.jpg,lobby08.jpg,waiting_room_31_12_altavista.jpg,waitroom127.jpg,sigmund_freud_museum11.jpg,cab3.jpg,sala_de_espera_17_13_altavista.jpg,sLobby02.jpg,pictureb_waitingroom.jpg,waiting_room_36_19_altavista.jpg,3multi1.jpg,vestibul2_gif.jpg,waiting_room_50_10_altavista.jpg,wroom2.jpg,IMG_0423.jpg,rujin_femme.jpg,waiting_room_03_13_altavista.jpg,salon_accueil.jpg,Waiting-room.jpg,waiting_room_32_10_altavista.jpg,waitingroom_Custom_.jpg,salle_d_attente.jpg,waiting_room_17_20_altavista.jpg,celibre_waiting_room.jpg,PHOTO22.jpg,waiting_room_01_12_altavista.jpg,Aug29_2007.jpg,sala_de_espera_04_16_altavista.jpg,waiting_room_10_05_altavista.jpg,waiting.jpg,waiting_room_33_15_altavista.jpg,WtRoomJan06.jpg,7F_Clinic_Waiting_Room.jpg,a67092.jpg,1114_Milton_Road_3.jpg,salle_attente2.jpg,Concourse.jpg,egf_waitingroom.jpg,waiting_room_34_10_altavista.jpg,recept2.jpg,waiting_room_36_20_altavista.jpg,waiting_room03.jpg,mammogram_waiting_room.jpg,salleAttente.jpg,waiting_room_15_20_altavista.jpg,JHC_3.jpg,waitingarea.jpg,waiting_room_39_16_altavista.jpg,Waiting_Room.jpg,400_Waiting_Room_2.jpg,salle_attente1.jpg,Bistro_3_BMP.jpg,Waiting Room.JPG,tour_waiting1_lg.jpg,sala_de_espera_01_17_altavista.jpg,waiting_room_01_24_flickr.jpg,softcare.jpg,general_waiting_area.jpg,PDR_0026.jpg,waiting_room_49_19_altavista.jpg,N457099.jpg,image004.jpg,27_blood_donation_waiting_full.jpg,hg_waiting_room_v.jpg,Photo_Waiting_room2.jpg,waitingroom04.jpg,Waiting_Area2.jpg,waiting_room_13_16_altavista.jpg,waitingroom_big.jpg,accueil.jpg,Waiting_Room093.jpg,sala_de_espera_02_04_altavista.jpg,waitingroom03.jpg,waiting_room_24_20_altavista.jpg,Studio.jpg,Waiting_Room_3.jpg,PatientWaitingRoom.jpg,waitingroom580.jpg,AWMG_Waiting.jpg,waiting_room_06_11_altavista.jpg,waiting_room_32_02_altavista.jpg,,,,,,,,,,,,,,,,,,,,,,,,,,,,,,,,,,,,,,,,,,,,,,,,,,,,,,,,,,,,,,,,,,,,,,,,,,,,,,,,,,,,,,,,,,,,,,,,,,,,,,,,,,,,,,,,,,,,,,,,,,,,,,,,,,,,,,,,,,,,,,,,,,,,,,,,,,,,,,,,,,,,,,,,,,,,,,,,,,,,,,,,,,,,,,,,,,,,,,,,,,,,,,,,,,,,,,,,,,,,,,,,,,,,,,,,,,,,,,,,,,,,,,,,,,,,,,,,,,,,,,,,,,,,,,,,,,,,,,,,,,,,,,,,,,,,,,,,,,,,,,,,,,,,,,,,,,,,,,,,,,,,,,,,,,,,,,,,,,,,,,,,,,,,,,,,,,,,,,,,,,,,,,,,,,,,,,,,,,,,,,,,,,,,,,,,,,,,,,,,,,,,,,,,,,,,,,,,,,,,,,,,,,,,,,,,,,,,,,,,,,,,,,,,,,,,,,,,,,,,,,,,,,,
5,auditorium,hulmeplayhouseauditorium1_1__59.jpg,websterauditorium_75.jpg,affich_1__76.jpg,d38_img_1758_1__145.jpg,photoamphitheatre2_1__161.jpg,auditorium_meliasitges_1__128.jpg,drex_bossone_auditorium_202_50.jpg,auditorium_20view_20of_20stage_jpg_1__92.jpg,amphitheatre_1__85.jpg,photo_of_auditorium_1__160.jpg,500x240_escalesaudito31211_1__12.jpg,auditorium065_35.jpg,allan_20scott_20auditorium_web_1__21.jpg,01_gd_amphi_statues_1__1.jpg,280974993_7e04c2dd2d_1__5.jpg,booker_20twashingtonhs_auditorium450b_1__48.jpg,amphi01_1__77.jpg,4875_amphitheatre_5_1__11.jpg,auditorium776_118.jpg,auditorium_big_1__96.jpg,amphitheatre987_25.jpg,amphi2_1__80.jpg,mc2_auditorium_1__63.jpg,auditorium2_l_1__108.jpg,auditorium_scene_1__133.jpg,amphivide_1__87.jpg,anderson_1__88.jpg,770248_942445_1__18.jpg,serre43_173.jpg,11472676233attendees_in_the_main_auditorium_1_1__3.jpg,auditorium44_113.jpg,auditorium_back_30.jpg,auditorium_1_1__29.jpg,sisli_1__174.jpg,auditorium09_104.jpg,flunoauditorium5_1__54.jpg,auditorium_from_stage_1__44.jpg,auditorium45_114.jpg,41_1__10.jpg,auditorium_mc2_1__94.jpg,spaauditorium_1__70.jpg,dunning_20auditorium_52.jpg,dsc_0079_auditorium_51.jpg,auditorium_20_20stage_201_1__27.jpg,callway_auditorium_overview_500_x_345_1__49.jpg,auditorium_seats_1__98.jpg,auditorium_560_43.jpg,spaauditorium2_1__69.jpg,3_10_08_20auditorium_1__6.jpg,b76521a_3966ea3_b_1__139.jpg,auditori_1__91.jpg,auditorium001_102.jpg,auditorium_side_view_134.jpg,puyallup_high_school_auditorium_67.jpg,amphitheatre8_1__84.jpg,auditorium_reserved_seating_003_sized_1__45.jpg,auditorium39_112.jpg,7629_auditorium_8_1__17.jpg,auditorium098_105.jpg,auditor_1__90.jpg,auditorium015_103.jpg,amphitheatre1_1__24.jpg,auditorium_photo4_1__132.jpg,wr201_3_popup_1__176.jpg,republique_auditorium_1__167.jpg,regi1b_1__166.jpg,auditorium_web_2_1__100.jpg,auditorium_topview_1__135.jpg,salle_amphitheatre4_1__171.jpg,stevensstraight_72.jpg,l2auditorium_1__153.jpg,auditorium812_39.jpg,photoauditorium_1__162.jpg,amphitheatre_2__86.jpg,auditorium76_117.jpg,auditorium_4__124.jpg,auditorium3_1__36.jpg,old_auditorium_460_460x300_1__158.jpg,hm_20pwro_20piper_s_20auditorium_1__57.jpg,parsons_20auditorium_1__66.jpg,auditorium_20050_28.jpg,sp_auditorium_1907_3_1__175.jpg,amphi_1__81.jpg,hi_res_400x300_auditorium_s_1__148.jpg,bernard_20tschumi_3_popup_1__47.jpg,james_rajotte_20060806_1_auditorium_1__152.jpg,6a00d834515beb69e200e55378baa58834_800wi_1__16.jpg,facility_rentals_auditorium_1__146.jpg,p1010008_73cb7_1__65.jpg,658_1_457_1__14.jpg,audit400_1__89.jpg,kingsway_20auditorium_jpg_60.jpg,la_salle_de_l_auditorium_imagelarge_1__154.jpg,auditorium68_115.jpg,mcc_auditorium_157.jpg,auditorium_artworkimage_1__129.jpg,auditorium_3__123.jpg,auditorium_seating_1__33.jpg,auditorium_seating2_32.jpg,auditorium_400_1__93.jpg,auditorium_vide_gauche_1__136.jpg,concert_143.jpg,2100733051_3b8ff268b5_o_1__4.jpg,locaux_amphi_1_1__156.jpg,amphitheatre2_b_1__83.jpg,location_auditorium_1__155.jpg,auditorium72_116.jpg,auditorium2_1__110.jpg,3344_auditorium_vide_1__9.jpg,small_auditorium_1__68.jpg,auditorium_6__126.jpg,auditorium_side_20view_20of_20stage_empty_1__34.jpg,auditorium_photo1_af3f1_130.jpg,auditorium_ambiance_494x326_95.jpg,image_preview_1__149.jpg,amphi1_1__79.jpg,auditorium_stravinski_1__99.jpg,p278b_university_of_goroka_auditorium_inside_1__159.jpg,amphitheatre_bastille_1__23.jpg,the_auditorium_the_speakers_table_big_2104194540_1__73.jpg,theatreroyalbristolauditorium_1__74.jpg,inauguration_amphitheatre_1__151.jpg,lar22_main_auditorium_a_copy_61.jpg,salle_amphitheatre3_1__170.jpg,auditorium_photo2_1__131.jpg,auditorium986_120.jpg,b5_20auditorium_20stravinski_46.jpg,amphi_gb2_1_1__22.jpg,auditorium_5__125.jpg,salle_auditorium_valenciennes_1__169.jpg,auditorium97_41.jpg,auditorium_101.jpg,star_20auditorium_202_20k_1__71.jpg,auditorium712_38.jpg,ptamphi_1__165.jpg,la_grand_1__62.jpg,auditorium_1__121.jpg,auditorium_465x309_1__127.jpg,costa_atlantica_navire_amphitheatre_1__144.jpg,sbu_auditorium_1__172.jpg,,,,,,,,,,,,,,,,,,,,,,,,,,,,,,,,,,,,,,,,,,,,,,,,,,,,,,,,,,,,,,,,,,,,,,,,,,,,,,,,,,,,,,,,,,,,,,,,,,,,,,,,,,,,,,,,,,,,,,,,,,,,,,,,,,,,,,,,,,,,,,,,,,,,,,,,,,,,,,,,,,,,,,,,,,,,,,,,,,,,,,,,,,,,,,,,,,,,,,,,,,,,,,,,,,,,,,,,,,,,,,,,,,,,,,,,,,,,,,,,,,,,,,,,,,,,,,,,,,,,,,,,,,,,,,,,,,,,,,,,,,,,,,,,,,,,,,,,,,,,,,,,,,,,,,,,,,,,,,,,,,,,,,,,,,,,,,,,,,,,,,,,,,,,,,,,,,,,,,,,,,,,,,,,,,,,,,,,,,,,,,,,,,,,,,,,,,,,,,,,,,,,,,,,,,,,,,,,,,,,,,,,,,,,,,,,,,,,,,,,,,,,,,,
6,warehouse,warehouse_0437.jpg,warehouse_0006.jpg,warehouse_0198.jpg,warehouse_0249.jpg,warehouse_0027.jpg,warehouse_0143.jpg,warehouse_0101.jpg,warehouse_0235.jpg,warehouse_0332.jpg,warehouse_0430.jpg,warehouse_0432.jpg,warehouse_0370.jpg,warehouse_0353.jpg,warehouse_0100.jpg,warehouse_0033.jpg,warehouse_0347.jpg,warehouse_0444.jpg,warehouse_0221.jpg,warehouse_0052.jpg,warehouse_0055.jpg,warehouse_0008.jpg,warehouse_0004.jpg,warehouse_0202.jpg,warehouse_0107.jpg,warehouse_0472.jpg,warehouse_0416.jpg,warehouse_0244.jpg,warehouse_0376.jpg,warehouse_0409.jpg,warehouse_0476.jpg,warehouse_0331.jpg,warehouse_0297.jpg,warehouse_0016.jpg,warehouse_0448.jpg,warehouse_0130.jpg,warehouse_0498.jpg,warehouse_0039.jpg,warehouse_0057.jpg,warehouse_0138.jpg,warehouse_0220.jpg,warehouse_0025.jpg,warehouse_0146.jpg,warehouse_0473.jpg,warehouse_0272.jpg,warehouse_0183.jpg,warehouse_0182.jpg,warehouse_0073.jpg,warehouse_0261.jpg,warehouse_0287.jpg,warehouse_0343.jpg,warehouse_0029.jpg,warehouse_0087.jpg,warehouse_0237.jpg,warehouse_0083.jpg,warehouse_0279.jpg,warehouse_0005.jpg,warehouse_0243.jpg,warehouse_0459.jpg,warehouse_0012.jpg,warehouse_0470.jpg,warehouse_0422.jpg,warehouse_0181.jpg,warehouse_0032.jpg,warehouse_0335.jpg,warehouse_0003.jpg,warehouse_0216.jpg,warehouse_0114.jpg,warehouse_0090.jpg,warehouse_0171.jpg,warehouse_0280.jpg,warehouse_0129.jpg,warehouse_0325.jpg,warehouse_0247.jpg,warehouse_0327.jpg,warehouse_0319.jpg,warehouse_0048.jpg,warehouse_0269.jpg,warehouse_0144.jpg,warehouse_0124.jpg,warehouse_0147.jpg,warehouse_0349.jpg,warehouse_0361.jpg,warehouse_0447.jpg,warehouse_0018.jpg,warehouse_0211.jpg,warehouse_0162.jpg,warehouse_0092.jpg,warehouse_0338.jpg,warehouse_0400.jpg,warehouse_0196.jpg,warehouse_0467.jpg,warehouse_0268.jpg,warehouse_0089.jpg,warehouse_0359.jpg,warehouse_0285.jpg,warehouse_0307.jpg,warehouse_0071.jpg,warehouse_0412.jpg,warehouse_0149.jpg,warehouse_0424.jpg,warehouse_0465.jpg,warehouse_0136.jpg,warehouse_0453.jpg,warehouse_0436.jpg,warehouse_0037.jpg,warehouse_0080.jpg,warehouse_0137.jpg,warehouse_0001.jpg,warehouse_0145.jpg,warehouse_0355.jpg,warehouse_0170.jpg,warehouse_0210.jpg,warehouse_0265.jpg,warehouse_0105.jpg,warehouse_0393.jpg,warehouse_0098.jpg,warehouse_0354.jpg,warehouse_0391.jpg,warehouse_0151.jpg,warehouse_0017.jpg,warehouse_0167.jpg,warehouse_0421.jpg,warehouse_0122.jpg,warehouse_0479.jpg,warehouse_0095.jpg,warehouse_0224.jpg,warehouse_0408.jpg,warehouse_0253.jpg,warehouse_0227.jpg,warehouse_0428.jpg,warehouse_0461.jpg,warehouse_0173.jpg,warehouse_0468.jpg,warehouse_0024.jpg,warehouse_0411.jpg,warehouse_0481.jpg,warehouse_0042.jpg,warehouse_0157.jpg,warehouse_0460.jpg,warehouse_0141.jpg,warehouse_0293.jpg,warehouse_0254.jpg,warehouse_0067.jpg,warehouse_0011.jpg,warehouse_0362.jpg,warehouse_0494.jpg,warehouse_0350.jpg,warehouse_0223.jpg,warehouse_0328.jpg,warehouse_0234.jpg,warehouse_0486.jpg,warehouse_0316.jpg,warehouse_0154.jpg,warehouse_0451.jpg,warehouse_0406.jpg,warehouse_0452.jpg,warehouse_0030.jpg,warehouse_0466.jpg,warehouse_0050.jpg,warehouse_0255.jpg,warehouse_0109.jpg,warehouse_0345.jpg,warehouse_0403.jpg,warehouse_0487.jpg,warehouse_0499.jpg,warehouse_0072.jpg,warehouse_0108.jpg,warehouse_0281.jpg,warehouse_0373.jpg,warehouse_0483.jpg,warehouse_0068.jpg,warehouse_0256.jpg,warehouse_0156.jpg,warehouse_0065.jpg,warehouse_0126.jpg,warehouse_0135.jpg,warehouse_0104.jpg,warehouse_0160.jpg,warehouse_0351.jpg,warehouse_0454.jpg,warehouse_0060.jpg,warehouse_0342.jpg,warehouse_0360.jpg,warehouse_0305.jpg,warehouse_0489.jpg,warehouse_0433.jpg,warehouse_0504.jpg,warehouse_0443.jpg,warehouse_0296.jpg,warehouse_0172.jpg,warehouse_0064.jpg,warehouse_0286.jpg,warehouse_0046.jpg,warehouse_0278.jpg,warehouse_0333.jpg,warehouse_0123.jpg,warehouse_0429.jpg,warehouse_0241.jpg,warehouse_0177.jpg,warehouse_0044.jpg,warehouse_0131.jpg,warehouse_0423.jpg,warehouse_0292.jpg,warehouse_0445.jpg,warehouse_0164.jpg,warehouse_0061.jpg,warehouse_0242.jpg,warehouse_0206.jpg,warehouse_0045.jpg,warehouse_0078.jpg,warehouse_0192.jpg,warehouse_0365.jpg,warehouse_0358.jpg,warehouse_0304.jpg,warehouse_0091.jpg,warehouse_0492.jpg,warehouse_0469.jpg,warehouse_0315.jpg,warehouse_0233.jpg,warehouse_0374.jpg,warehouse_0081.jpg,warehouse_0485.jpg,warehouse_0394.jpg,warehouse_0014.jpg,warehouse_0340.jpg,warehouse_0384.jpg,warehouse_0367.jpg,warehouse_0219.jpg,warehouse_0383.jpg,warehouse_0079.jpg,warehouse_0150.jpg,warehouse_0084.jpg,warehouse_0289.jpg,warehouse_0194.jpg,warehouse_0031.jpg,warehouse_0288.jpg,warehouse_0074.jpg,warehouse_0491.jpg,warehouse_0204.jpg,warehouse_0168.jpg,warehouse_0232.jpg,warehouse_0259.jpg,warehouse_0387.jpg,warehouse_0225.jpg,warehouse_0497.jpg,warehouse_0153.jpg,warehouse_0427.jpg,warehouse_0381.jpg,warehouse_0152.jpg,warehouse_0088.jpg,warehouse_0120.jpg,warehouse_0062.jpg,warehouse_0015.jpg,warehouse_0128.jpg,warehouse_0142.jpg,warehouse_0199.jpg,warehouse_0056.jpg,warehouse_0051.jpg,warehouse_0270.jpg,warehouse_0330.jpg,warehouse_0398.jpg,warehouse_0021.jpg,warehouse_0275.jpg,warehouse_0378.jpg,warehouse_0418.jpg,warehouse_0260.jpg,warehouse_0388.jpg,warehouse_0236.jpg,warehouse_0426.jpg,warehouse_0385.jpg,warehouse_0496.jpg,warehouse_0463.jpg,warehouse_0313.jpg,warehouse_0070.jpg,warehouse_0188.jpg,warehouse_0215.jpg,warehouse_0217.jpg,warehouse_0186.jpg,warehouse_0180.jpg,warehouse_0276.jpg,warehouse_0439.jpg,warehouse_0026.jpg,warehouse_0312.jpg,warehouse_0119.jpg,warehouse_0229.jpg,warehouse_0379.jpg,warehouse_0187.jpg,warehouse_0506.jpg,warehouse_0116.jpg,warehouse_0019.jpg,warehouse_0099.jpg,warehouse_0020.jpg,warehouse_0009.jpg,warehouse_0346.jpg,warehouse_0377.jpg,warehouse_0482.jpg,warehouse_0310.jpg,warehouse_0271.jpg,warehouse_0405.jpg,warehouse_0477.jpg,warehouse_0438.jpg,warehouse_0010.jpg,warehouse_0458.jpg,warehouse_0410.jpg,warehouse_0294.jpg,warehouse_0455.jpg,warehouse_0290.jpg,warehouse_0117.jpg,warehouse_0069.jpg,warehouse_0248.jpg,warehouse_0239.jpg,warehouse_0022.jpg,warehouse_0184.jpg,warehouse_0415.jpg,warehouse_0106.jpg,warehouse_0306.jpg,warehouse_0238.jpg,warehouse_0449.jpg,warehouse_0357.jpg,warehouse_0450.jpg,warehouse_0505.jpg,warehouse_0318.jpg,warehouse_0414.jpg,warehouse_0334.jpg,warehouse_0503.jpg,warehouse_0442.jpg,warehouse_0440.jpg,warehouse_0339.jpg,warehouse_0336.jpg,warehouse_0396.jpg,warehouse_0322.jpg,warehouse_0197.jpg,warehouse_0191.jpg,warehouse_0155.jpg,warehouse_0480.jpg,warehouse_0096.jpg,warehouse_0446.jpg,warehouse_0132.jpg,warehouse_0356.jpg,warehouse_0352.jpg,warehouse_0323.jpg,warehouse_0390.jpg,warehouse_0230.jpg,warehouse_0047.jpg,warehouse_0493.jpg,warehouse_0038.jpg,warehouse_0002.jpg,warehouse_0179.jpg,warehouse_0257.jpg,warehouse_0176.jpg,warehouse_0434.jpg,warehouse_0094.jpg,warehouse_0368.jpg,warehouse_0309.jpg,warehouse_0231.jpg,warehouse_0193.jpg,warehouse_0023.jpg,warehouse_0212.jpg,warehouse_0329.jpg,warehouse_0201.jpg,warehouse_0103.jpg,warehouse_0058.jpg,warehouse_0161.jpg,warehouse_0295.jpg,warehouse_0283.jpg,warehouse_0311.jpg,warehouse_0185.jpg,warehouse_0139.jpg,warehouse_0495.jpg,warehouse_0066.jpg,warehouse_0399.jpg,warehouse_0049.jpg,warehouse_0417.jpg,warehouse_0431.jpg,warehouse_0301.jpg,warehouse_0053.jpg,warehouse_0178.jpg,warehouse_0077.jpg,warehouse_0324.jpg,warehouse_0007.jpg,warehouse_0036.jpg,warehouse_0035.jpg,warehouse_0308.jpg,warehouse_0209.jpg,warehouse_0228.jpg,warehouse_0218.jpg,warehouse_0195.jpg,warehouse_0118.jpg,warehouse_0435.jpg,warehouse_0111.jpg,warehouse_0205.jpg,warehouse_0226.jpg,warehouse_0401.jpg,warehouse_0240.jpg,warehouse_0158.jpg,warehouse_0174.jpg,warehouse_0320.jpg,warehouse_0102.jpg,warehouse_0043.jpg,warehouse_0063.jpg,warehouse_0134.jpg,warehouse_0112.jpg,warehouse_0314.jpg,warehouse_0140.jpg,,,,,,,,,,,,,,,,,,,,,,,,,,,,,,,,,,,,,,,,,,,,,,,,,,,,,,,,,,,,,,,,,,,,,,,,,,,,,,,,,,,,,,,,,,,,,,,,,,,,,,,,,,,,,,,,,,,,,,,,,,,,,,,,,,,,,,,,,,,,,,,,,,,,,,,,,,,,,,,,,,,,,,,,,,,,,,,,,,,,,,,
7,lobby,hall_entree.jpg,lobby1332.jpg,AT_05_04_4000_59_l.jpg,sLobby18.jpg,lobby02.jpg,MBASE_historia.jpg,LV_04_01_0002_14_l.jpg,00320003.jpg,lobby_122222.jpg,LV_00_07_4491_02A_l.jpg,lobby_reception_1.jpg,Foyer_Lobby.jpg,lobby04.jpg,lobby2998.jpg,09_Vestibulo.jpg,lobby121211.jpg,Nef1.jpg,uploads_images_photos_images_fullsize_hotellobby.jpg,lobby51.jpg,Cascades_lobby_sized.jpg,AppLogicbooker_004.jpg,20076262_Collection_Lobby_02_w.jpg,6059968_lobby.jpg,SD_00_01_51255_17_l.jpg,int52.jpg,lobby21.jpg,SD_00_01_51257_09_l.jpg,Marshall_McLuhan_Salon_1.jpg,sLobby21.jpg,lobby20.jpg,Fairmont_Hotel_Lobby_PC_SF_CA.jpg,egypt004.jpg,lobby05.jpg,url.jpg,sLobby15.jpg,sLobby22.jpg,lobby56.jpg,erasme_acceuil.jpg,entrhallstair66.jpg,sLobby11.jpg,sLobby26.jpg,lobby33.jpg,Locker_Room.jpg,lobby6.jpg,OR_03_05_1000_35_l.jpg,salones_04.jpg,recibidor10.jpg,marina_terra_hotel_lobby.jpg,lobby03.jpg,lobby9909.jpg,egypt005.jpg,01_priv_ent.jpg,Le_Meridien_Kathmandu_Hotel_Lobby_Sep_2005.jpg,lobby3456.jpg,LobbyWide.jpg,sLobby28.jpg,sLobby05.jpg,sLobby14.jpg,lobby27.jpg,Hall1Planta.jpg,Raffles_Marina_lobby.jpg,sLobby19.jpg,halld_entree_500x354.jpg,sLobby20.jpg,lobby223233.jpg,lobby23.jpg,lobby31.jpg,sLobby12.jpg,16.jpg,bpi_lobby1.jpg,Ashburton_Meeting_Room_003.jpg,IM004853_JPG.jpg,Art_Steinman_800_567.jpg,AT_04_03_2001_03_l.jpg,sLobby16.jpg,lobby0002.jpg,27y5_1.jpg,lobby22345.jpg,lobby3423.jpg,Fairmont_Lobby.jpg,,,,,,,,,,,,,,,,,,,,,,,,,,,,,,,,,,,,,,,,,,,,,,,,,,,,,,,,,,,,,,,,,,,,,,,,,,,,,,,,,,,,,,,,,,,,,,,,,,,,,,,,,,,,,,,,,,,,,,,,,,,,,,,,,,,,,,,,,,,,,,,,,,,,,,,,,,,,,,,,,,,,,,,,,,,,,,,,,,,,,,,,,,,,,,,,,,,,,,,,,,,,,,,,,,,,,,,,,,,,,,,,,,,,,,,,,,,,,,,,,,,,,,,,,,,,,,,,,,,,,,,,,,,,,,,,,,,,,,,,,,,,,,,,,,,,,,,,,,,,,,,,,,,,,,,,,,,,,,,,,,,,,,,,,,,,,,,,,,,,,,,,,,,,,,,,,,,,,,,,,,,,,,,,,,,,,,,,,,,,,,,,,,,,,,,,,,,,,,,,,,,,,,,,,,,,,,,,,,,,,,,,,,,,,,,,,,,,,,,,,,,,,,,,,,,,,,,,,,,,,,,,,,,,,,,,,,,,,,,,,,,,,,,,,,,,,,,,,,,,,,,,,,,
8,office,homeoff014.jpg,interior003.jpg,n457024.jpg,o1.jpg,office1.jpg,office.jpg,despacho2_400.jpg,office15.jpg,room477.jpg,int77.jpg,office21.jpg,d53.jpg,homeoff001.jpg,or_02_05_0479_11_l.jpg,ins9.jpg,home_office_after.jpg,office18.jpg,o3.jpg,dell3007wfp_desk.jpg,corneroffice.jpg,homeoff004.jpg,int85.jpg,img_0012.jpg,img_0018.jpg,ins2.jpg,mayors_office.jpg,estudio2.jpg,ap_de_marlene035.jpg,or_02_03_0212_11_l.jpg,interior004.jpg,n457029.jpg,interior001.jpg,despacho3_400.jpg,webP1010001.jpg,room263.jpg,office3.jpg,int61.jpg,IMG_1533.jpg,room205.jpg,water_office.jpg,o9.jpg,IMG_1530.jpg,office20.jpg,o2.jpg,despacho1_400.jpg,o4.jpg,homeoff005.jpg,office16.jpg,office_13.jpg,despacho.jpg,neutbbl.t.jpg,homeoff008.jpg,n457052.jpg,IMG_1532.jpg,office4.jpg,ins4.jpg,room12.jpg,o6.jpg,n457053.jpg,n457045.jpg,IMG_1531.jpg,office12.jpg,emba_offices_before_move.jpg,va_02_05_9775_04_l.jpg,o7.jpg,cover_image_dreamoffice.jpg,ph_02_03_4680_35_l.jpg,int594.jpg,office13.jpg,judges_office.jpg,o8.jpg,office7.jpg,n457026.jpg,homeoff015.jpg,img_0017.jpg,eagle_office.jpg,n457028.jpg,office5.jpg,tuscan_home_office500A.jpg,n457050.jpg,room472.jpg,homeoff011.jpg,office_10.jpg,homeoff012.jpg,int281.jpg,o10.jpg,n457048.jpg,,,,,,,,,,,,,,,,,,,,,,,,,,,,,,,,,,,,,,,,,,,,,,,,,,,,,,,,,,,,,,,,,,,,,,,,,,,,,,,,,,,,,,,,,,,,,,,,,,,,,,,,,,,,,,,,,,,,,,,,,,,,,,,,,,,,,,,,,,,,,,,,,,,,,,,,,,,,,,,,,,,,,,,,,,,,,,,,,,,,,,,,,,,,,,,,,,,,,,,,,,,,,,,,,,,,,,,,,,,,,,,,,,,,,,,,,,,,,,,,,,,,,,,,,,,,,,,,,,,,,,,,,,,,,,,,,,,,,,,,,,,,,,,,,,,,,,,,,,,,,,,,,,,,,,,,,,,,,,,,,,,,,,,,,,,,,,,,,,,,,,,,,,,,,,,,,,,,,,,,,,,,,,,,,,,,,,,,,,,,,,,,,,,,,,,,,,,,,,,,,,,,,,,,,,,,,,,,,,,,,,,,,,,,,,,,,,,,,,,,,,,,,,,,,,,,,,,,,,,,,,,,,,,,,,,,,,,,,,,,,,,,,,,,,,,,,,,,,,,,
9,bedroom,int190.jpg,int619.jpg,int324.jpg,pen_woodnleather_sleighl.jpg,indoor_0194.jpg,pasadena_IMG_0150.jpg,IMG_2434.jpg,int132.jpg,IMG_1247.jpg,indoor_0068.jpg,b20.jpg,indoor_0557.jpg,indoor_0448.jpg,int212.jpg,int208.jpg,indoor_0427.jpg,indoor_0267.jpg,Feb_08_Comstock_room_comprssd.jpg,D02.jpg,indoor_0166.jpg,int303.jpg,indoor_0274.jpg,bed172.jpg,int770.jpg,IMG_1337.jpg,indoor_0305.jpg,room489.jpg,int307.jpg,SoftcrL_T.jpg,int552.jpg,int521.jpg,s61.jpg,indoor_0200.jpg,b14.jpg,indoor_0502.jpg,int179.jpg,room220.jpg,int605.jpg,int100.jpg,IMG_2338.jpg,img_378.jpg,child4.jpg,int186.jpg,indoor_0388.jpg,april2007_006.jpg,tu_98_2_611_25_l.jpg,int265.jpg,int746.jpg,madison_room.jpg,room229.jpg,int267.jpg,indoor_0216.jpg,int510.jpg,img_407.jpg,indoor_0390.jpg,int534.jpg,egypt006.jpg,IMG_1081.jpg,int781.jpg,room_doublebalcony.jpg,p1010008.jpg,n190068.jpg,IMG_0025.jpg,room208.jpg,IMG_8705.jpg,b2.jpg,IMG_3066.jpg,masterbed2.jpg,indoor_0268.jpg,indoor_0204.jpg,indoor_0293.jpg,indoor_0171.jpg,int738.jpg,indoor_0551.jpg,8_cuarto.jpg,b4.jpg,indoor_0177.jpg,int712.jpg,room363.jpg,int535.jpg,chambre_double.jpg,pasadena_IMG_0158.jpg,dsc01316.jpg,bedroom18.jpg,indoor_0355.jpg,int729.jpg,IMG_4828.jpg,indoor_0089.jpg,indoor_0429.jpg,roomscan21.jpg,Mountain_Room_706.jpg,int273.jpg,npostbedroom.jpg,aa041717.jpg,room405.jpg,IMG_9001.jpg,indoor_0155.jpg,IMG_2808.jpg,IMG_3063.jpg,indoor_0289.jpg,IMG_1555.jpg,int528.jpg,indoor_0090.jpg,int638.jpg,cdMC1196.jpg,int287.jpg,ph_02_04_4682_01_l.jpg,room184.jpg,Copy_of_tu_98_2_611_25_l.jpg,indoor_0215.jpg,bedroom3.jpg,IMG_9643.jpg,int261.jpg,IMG_0991.jpg,easyst031.jpg,indoor_0434.jpg,int487.jpg,IMG_1698.jpg,int509.jpg,IMG_2430.jpg,indoor_0430.jpg,int479.jpg,indoor_0403.jpg,indoor_0028.jpg,room415.jpg,PH_02_01_5068_31_l.jpg,IMG_1556.jpg,Room_7_05_07_for_web.jpg,dsc01901.jpg,chambre1.jpg,int542.jpg,b5.jpg,int716.jpg,int218.jpg,int142.jpg,indoor_0515.jpg,int198.jpg,int529.jpg,room474.jpg,bedroom13.jpg,b9.jpg,int188.jpg,indoor_0113.jpg,IMG_3265.jpg,GuestBedroom_small.jpg,dsc_4440.jpg,int259.jpg,indoor_0304.jpg,int497.jpg,indoor_0303.jpg,arar01_tell_all_room.jpg,int271.jpg,room_Toulouse_Balcony_Room_.jpg,int733.jpg,IMG_2429.jpg,kamer1g.jpg,indoor_0202.jpg,quarto_casal.jpg,IMG_9641.jpg,int110.jpg,int732.jpg,IMG_9655.jpg,int496.jpg,int495.jpg,N02m.jpg,int505.jpg,vip_armario.jpg,int631.jpg,VA_02_03_9773_33_l.jpg,int630.jpg,hunter_room.jpg,int730.jpg,pittsburgh_IMG_4088.jpg,int140.jpg,indoor_0199.jpg,pittsburgh_IMG_4076.jpg,pasadena_IMG_0161.jpg,13_2o_andar_panorama.jpg,int260.jpg,int97.jpg,hotel_room_IMG_8577.jpg,bedroom.jpg,D41.jpg,int477.jpg,IMG_1682.jpg,room_702.jpg,int258.jpg,IMG_0994.jpg,int229.jpg,int572.jpg,img_0118.jpg,room_doublenobalcony.jpg,int169.jpg,int635.jpg,IMG_3022.jpg,int739.jpg,IMG_1080.jpg,indoor_0331.jpg,000106949d.jpg,img_1039.jpg,indoor_0185.jpg,int499.jpg,bed2.jpg,IMG_9816.jpg,int846.jpg,N03.jpg,PH_02_01_5078_05_l.jpg,int710.jpg,int740.jpg,b27.jpg,image_0005.jpg,IMG_1245.jpg,indoor_0584.jpg,int106.jpg,room158.jpg,int98.jpg,room238.jpg,dsc00621.jpg,int502.jpg,int196.jpg,indoor_0565.jpg,Madison-room.jpg,indoor_0133.jpg,indoor_0339.jpg,int304.jpg,int213.jpg,int262.jpg,int713.jpg,indoor_0213.jpg,n190033.jpg,room160.jpg,aa016560.jpg,indoor_0389.jpg,indoor_0567.jpg,2333_2.jpg,cuarto_i_3.jpg,int292.jpg,b26.jpg,room359.jpg,int645.jpg,int494.jpg,indoor_0114.jpg,D58.jpg,int264.jpg,int312.jpg,int216.jpg,int628.jpg,pink_bedroom.jpg,int8.jpg,pasadena_IMG_0149.jpg,IMG_2341.jpg,indoor_0446.jpg,int308.jpg,dsc04183.jpg,indoor_0192.jpg,int242.jpg,int187.jpg,int797.jpg,indoor_0527.jpg,Room_4.jpg,bed170.jpg,indoor_0056.jpg,b23.jpg,VA_02_03_7113_22A_l.jpg,int602.jpg,b10.jpg,ph_lambda_047.jpg,int484.jpg,indoor_0160.jpg,img_0076.jpg,masterbedroom.jpg,int498.jpg,indoor_0501.jpg,b24.jpg,IMG_9815.jpg,indoor_0238.jpg,28042007_001.jpg,indoor_0332.jpg,int616.jpg,indoor_0285.jpg,int533.jpg,indoor_0478.jpg,room491.jpg,homeoff005.jpg,PeaceRoom.jpg,int491.jpg,int322.jpg,int134.jpg,int269.jpg,Deluxe_room.jpg,375.jpg,int643.jpg,indoor_0484.jpg,int868.jpg,indoor_0372.jpg,indoor_0182.jpg,N190002.jpg,int810.jpg,int199.jpg,int286.jpg,indoor_0276.jpg,rose_bed_room.jpg,ROOM0_20080320_102152_673.jpg,room300.jpg,S02.jpg,indoor_0212.jpg,b29.jpg,b8.jpg,int777.jpg,room156.jpg,IMG_2127.jpg,AT_99_2_7449_08_l.jpg,IMG_9812.jpg,int319.jpg,int708.jpg,int622.jpg,kamer2g.jpg,b1.jpg,cdMC1105.jpg,int531.jpg,indoor_0306.jpg,indoor_0386.jpg,int201.jpg,IMG_0028.jpg,room218.jpg,cdMC1104.jpg,int159.jpg,room283.jpg,indoor_0154.jpg,image_0009.jpg,ROOM.jpg,roomscan33.jpg,indoor_0307.jpg,room8_450.jpg,int184.jpg,int107.jpg,bed109.jpg,indoor_0323.jpg,IMG_3206.jpg,int268.jpg,int532.jpg,int206.jpg,cornerbedroom.jpg,IMG_1311.jpg,int701.jpg,int181.jpg,indoor_0387.jpg,int522.jpg,int855.jpg,IMG_2829.jpg,b30.jpg,indoor_0402.jpg,IMG_2126.jpg,cdMC1106.jpg,IMG_3202.jpg,IMG_3737.jpg,easyst037.jpg,room241.jpg,d03.jpg,int99.jpg,int129.jpg,bedroom27.jpg,chambre.jpg,chambre36.jpg,indoor_0176.jpg,S58.jpg,IMG_4829.jpg,indoor_0560.jpg,b3.jpg,indoor_0019.jpg,indoor_0110.jpg,strongcpl_t.jpg,IMG_1079.jpg,indoor_0428.jpg,indoor_0599.jpg,indoor_0418.jpg,indoor_0552.jpg,Room_3_From_Door.jpg,IMG_5744.jpg,b18.jpg,S41.jpg,b22.jpg,room177.jpg,int601.jpg,indoor_0186.jpg,b16.jpg,int490.jpg,room168.jpg,indoor_0550.jpg,int298.jpg,IMG_1566.jpg,kamer3g.jpg,indoor_0340.jpg,IMG_9642.jpg,room361.jpg,StrongccL_T.jpg,int300.jpg,bedroom14.jpg,int203.jpg,va_02_03_9773_15_l.jpg,int231.jpg,int162.jpg,int9.jpg,int610.jpg,indoor_0537.jpg,indoor_0485.jpg,int135.jpg,int647.jpg,int544.jpg,int748.jpg,int506.jpg,indoor_0257.jpg,b12.jpg,room481.jpg,room324.jpg,N190000.jpg,roomscan22.jpg,int133.jpg,roomscan37.jpg,int745.jpg,indoor_0405.jpg,int530.jpg,int183.jpg,indoor_0480.jpg,img_0035.jpg,N190093.jpg,IMG_9811.jpg,int317.jpg,room34.jpg,int272.jpg,b11.jpg,legacy_sleighl.jpg,S33.jpg,indoor_0097.jpg,AT_00_01_8146_15_l.jpg,IMG_9810.jpg,indoor_0401.jpg,indoor_0275.jpg,room217.jpg,int504.jpg,IMG_9644.jpg,b7.jpg,img_0103.jpg,AA041511.jpg,canopy_bed.jpg,bed8.jpg,imagen_016.jpg,b6.jpg,int726.jpg,int571.jpg,indoor_0246.jpg,room447.jpg,at-00-05-8293-15_l.jpg,int323.jpg,PH_02_04_4682_12_l.jpg,IMG_2337.jpg,IMG_4835.jpg,indoor_0481.jpg,int452.jpg,indoor_0308.jpg,int266.jpg,b13.jpg,int161.jpg,int717.jpg,N190091.jpg,IN107.jpg,Gold_Class_600SS_Room_King.jpg,int182.jpg,cimg8169.jpg,int507.jpg,indoor_0061.jpg,int192.jpg,at_00_05_8293_15_l.jpg,IMG_2125.jpg,uno_de_los_dormitorios.jpg,room306.jpg,bedroom6.jpg,indoor_0136.jpg,int549.jpg,room237.jpg,roomscan2.jpg,indoor_0356.jpg,int811.jpg,bed136.jpg,int492.jpg,int757.jpg,int202.jpg,indoor_0284.jpg,int215.jpg,int316.jpg,indoor_0341.jpg,indoor_0188.jpg,PH-02-04-4682-01_l.jpg,c_26.jpg,int649.jpg,roomscan36.jpg,IMG_0026.jpg,int301.jpg,indoor_0132.jpg,indoor_0526.jpg,indoor_0338.jpg,int178.jpg,IMG_9814.jpg,int702.jpg,indoor_0406.jpg,room144.jpg,int478.jpg,b25.jpg,indoor_0588.jpg,IMG_1098.jpg,indoor_0600.jpg,room3_450.jpg,int744.jpg,indoor_0145.jpg,int207.jpg,int752.jpg,int270.jpg,4214_qto_casal_903.jpg,IMG_1078.jpg,indoor_0105.jpg,IMG_1683.jpg,int275.jpg,int296.jpg,AT-01-5A-1420-19_l.jpg,b21.jpg,varios_june07_118.jpg,IMG_3264.jpg,indoor_0462.jpg,IMG_3699.jpg,,,,,,,,,,,,,,,,,,,,,,,,,,,,,,,,,,,,,,,,,,,,,,,,,,,,,,,,,,
10,deli,new_deli_34_13_altavista.jpg,deli_05_09_yahoo.jpg,deli_100_06_flickr.jpg,deli_66_16_flickr.jpg,deli_162_05_flickr.jpg,deli_129_23_flickr.jpg,deli_158_17_flickr.jpg,deli_73_03_flickr.jpg,new_deli_03_01_altavista.jpg,deli_126_13_flickr.jpg,deli_68_07_flickr.jpg,deli_43_10_altavista.jpg,deli_12_02_yahoo.jpg,deli_148_20_flickr.jpg,deli_62_12_flickr.jpg,deli_121_18_flickr.jpg,deli_84_07_flickr.jpg,deli_03_09_yahoo.jpg,deli_26_05_yahoo.jpg,deli_12_14_yahoo.jpg,deli_40_13_altavista.jpg,deli_18_02_yahoo.jpg,deli_62_15_flickr.jpg,deli_07_03_yahoo.jpg,new_deli_11_08_altavista.jpg,deli_100_17_flickr.jpg,deli_85_04_flickr.jpg,deli_119_09_flickr.jpg,deli_81_10_flickr.jpg,deli_40_07_flickr.jpg,deli_45_19_flickr.jpg,deli_01_03_yahoo.jpg,deli_14_06_yahoo.jpg,deli_09_10_yahoo.jpg,deli_106_23_flickr.jpg,deli_1.jpg,deli_56_24_flickr.jpg,deli_42_06_altavista.jpg,deli_08_07_yahoo.jpg,deli_37_13_altavista.jpg,deli_03_03_yahoo.jpg,deli_131_13_flickr.jpg,deli_23_03_altavista.jpg,deli_21_07_yahoo.jpg,deli_10_08_yahoo.jpg,new_deli_10_06_altavista.jpg,deli_09_06_yahoo.jpg,deli_149_08_flickr.jpg,deli_39_20_altavista.jpg,deli_59_06_flickr.jpg,new_deli_27_08_altavista.jpg,deli_39_06_altavista.jpg,deli_13_14_yahoo.jpg,deli_107_02_flickr.jpg,deli_06_11_altavista.jpg,deli_66_18_flickr.jpg,new_deli_18_08_altavista.jpg,deli_20_01_flickr.jpg,deli_104_21_flickr.jpg,deli_43_12_altavista.jpg,deli_25_20_yahoo.jpg,deli_63_04_flickr.jpg,deli_13_07_flickr.jpg,deli_166_04_flickr.jpg,deli_03_08_yahoo.jpg,deli_03_10_yahoo.jpg,deli_147_24_flickr.jpg,deli_02_03_altavista.jpg,deli_04_14_altavista.jpg,deli_120_05_flickr.jpg,new_deli_42_13_altavista.jpg,deli_148_17_flickr.jpg,deli_06_15_yahoo.jpg,deli_15_19_altavista.jpg,deli_08_02_yahoo.jpg,deli_08_09_altavista.jpg,deli_08_16_yahoo.jpg,deli_19_06_yahoo.jpg,deli_31_05_altavista.jpg,deli_30_07_altavista.jpg,deli_79_23_flickr.jpg,deli_05_18_yahoo.jpg,deli_103_09_flickr.jpg,deli_104_12_flickr.jpg,deli_17_06_altavista.jpg,deli_111_14_flickr.jpg,deli_102_11_flickr.jpg,deli_98_21_flickr.jpg,deli_19_19_altavista.jpg,deli_68_18_flickr.jpg,deli_150_18_flickr.jpg,deli_80_07_flickr.jpg,deli_28_07_altavista.jpg,deli_107_17_flickr.jpg,deli_154_01_flickr.jpg,deli_14_06_flickr.jpg,deli_81_23_flickr.jpg,new_deli_39_04_altavista.jpg,deli_10_21_yahoo.jpg,deli_11_08_altavista.jpg,deli_138_13_flickr.jpg,new_deli_09_17_altavista.jpg,deli_103_06_flickr.jpg,new_deli_38_07_altavista.jpg,Superquinn_Deli.jpg,deli_73_02_flickr.jpg,new_deli_01_03_altavista.jpg,deli_152_23_flickr.jpg,new_deli_43_11_altavista.jpg,deli_158_07_flickr.jpg,deli_68_04_flickr.jpg,deli_97_22_flickr.jpg,deli_49_18_altavista.jpg,deli_23_05_yahoo.jpg,new_deli_03_10_altavista.jpg,deli_97_02_flickr.jpg,deli_57_08_flickr.jpg,deli_68_11_flickr.jpg,deli_123_12_flickr.jpg,deli_23_18_flickr.jpg,deli_158_04_flickr.jpg,deli_98_18_flickr.jpg,new_deli_18_11_altavista.jpg,deli_129_09_flickr.jpg,deli_80_01_flickr.jpg,deli_counter.jpg,deli_19_18_altavista.jpg,deli_68_06_flickr.jpg,deli_146_02_flickr.jpg,new_deli_10_11_altavista.jpg,deli_139_12_flickr.jpg,deli_95_11_flickr.jpg,deli_128_14_flickr.jpg,deli_162_20_flickr.jpg,deli_03_02_yahoo.jpg,deli_21_05_yahoo.jpg,deli_28_10_altavista.jpg,deli_128_21_flickr.jpg,deli_164_03_flickr.jpg,deli_63_12_flickr.jpg,new_deli_02_14_altavista.jpg,deli_165_01_flickr.jpg,deli_119_04_flickr.jpg,deli_40_24_flickr.jpg,deli_47_19_flickr.jpg,new_deli_02_02_altavista.jpg,deli_47_17_flickr.jpg,deli_02_13_yahoo.jpg,deli_142_05_flickr.jpg,deli_10_17_yahoo.jpg,deli_14_06_altavista.jpg,deli_03_19_flickr.jpg,deli_165_09_flickr.jpg,StoddartDeli1_1.jpg,deli_02_21_yahoo.jpg,deli_118_20_flickr.jpg,deli_106_13_flickr.jpg,deli_97_23_flickr.jpg,deli_126_02_flickr.jpg,deli_40_07_altavista.jpg,deli_93_19_flickr.jpg,deli_28_12_flickr.jpg,deli_abbondanza2.jpg,deli_128_19_flickr.jpg,deli_24_19_altavista.jpg,deli_10_13_altavista.jpg,deli_83_12_flickr.jpg,new_deli_08_18_altavista.jpg,deli_08_06_yahoo.jpg,deli_91_15_flickr.jpg,deli_21_04_yahoo.jpg,deli_28_22_flickr.jpg,deli_118_06_flickr.jpg,deli_120_17_flickr.jpg,deli_21_12_yahoo.jpg,deli_91_05_flickr.jpg,deli_103_13_flickr.jpg,deli_05_20_altavista.jpg,deli_03_03_altavista.jpg,deli_45_13_flickr.jpg,deli_37_11_altavista.jpg,deli_68_10_flickr.jpg,deli_31_04_altavista.jpg,deli_30_06_altavista.jpg,deli_147_05_flickr.jpg,deli_06_20_yahoo.jpg,deli_14_19_yahoo.jpg,deli_44_04_altavista.jpg,deli_30_16_altavista.jpg,deli_09_05_altavista.jpg,deli_108_06_flickr.jpg,deli_06_01_yahoo.jpg,deli_03_04_yahoo.jpg,deli_02_19_altavista.jpg,deli_81_15_flickr.jpg,deli_123_11_flickr.jpg,deli_05_17_yahoo.jpg,deli_31_13_altavista.jpg,deli_148_16_flickr.jpg,deli_97_03_flickr.jpg,deli_129_01_flickr.jpg,deli_04_13_yahoo.jpg,deli_04_17_yahoo.jpg,deli_99_05_flickr.jpg,deli_40_19_altavista.jpg,new_deli_21_15_altavista.jpg,,,,,,,,,,,,,,,,,,,,,,,,,,,,,,,,,,,,,,,,,,,,,,,,,,,,,,,,,,,,,,,,,,,,,,,,,,,,,,,,,,,,,,,,,,,,,,,,,,,,,,,,,,,,,,,,,,,,,,,,,,,,,,,,,,,,,,,,,,,,,,,,,,,,,,,,,,,,,,,,,,,,,,,,,,,,,,,,,,,,,,,,,,,,,,,,,,,,,,,,,,,,,,,,,,,,,,,,,,,,,,,,,,,,,,,,,,,,,,,,,,,,,,,,,,,,,,,,,,,,,,,,,,,,,,,,,,,,,,,,,,,,,,,,,,,,,,,,,,,,,,,,,,,,,,,,,,,,,,,,,,,,,,,,,,,,,,,,,,,,,,,,,,,,,,,,,,,,,,,,,,,,,,,,,,,,,,,,,,,,,
11,buffet,buffet02.jpg,P1011257_fs.jpg,AsianDeliCounterWeb.jpg,buffet_galleryfull.jpg,food_4904.jpg,528281656_34a35d85f2.jpg,114811570_481eefa09f.jpg,refMainCourse.jpg,1445886197_be5f97c5ea.jpg,126829079_ec08a3996c.jpg,Buffet_1.jpg,296063760_c41c08fab3.jpg,15_The_Buffet_small.jpg,34583009_3e0d0befc2.jpg,Buffet_Set_Up_gif.jpg,308782383_1400880090.jpg,276833180_70e3e48991.jpg,P8311103.jpg,food_on_table.jpg,Catering_Photo_Buffet_Table_op_800x600.jpg,322497197_a67f529fbe.jpg,212297870_fbc8f52ba4.jpg,Buffet_Lettuce_gif.jpg,photo21_1.jpg,food_table2.jpg,616739082_d546057033.jpg,528370197_65f7ccd505.jpg,url_1.jpg,Maritimo_Restaurant_Buffet.jpg,food.jpg,june_29_FOOD_BUFFET_002.jpg,998866690_b2cc196ee1.jpg,413223473_be5a4b6fc3.jpg,Buffet_of_Portuguese_food.jpg,buffet04.jpg,buffet_food.jpg,528283746_b1dea3f70f.jpg,dessert_buffet17_11_2007_9_14_28_PM.jpg,NOR_BuffetFood_300x225_300x225.jpg,944.jpg,413438464_9118ab17b8.jpg,buffet001.jpg,413224656_cd51fb5f4d.jpg,Holiday_Buffet_3.jpg,1600963137_2dc4c3f005.jpg,buffet5.jpg,buffet_FoodLine1.jpg,23142_1177445820.jpg,1430398034_7ab3fed17f.jpg,buffetmetro_533.jpg,208671362_7501c7b2e2.jpg,food_table03.jpg,african_village_bakau_12.jpg,warwick_buffet_cater_catering_food_1960_1960s_retro_kf5837.jpg,buffet05.jpg,lg_buffet_table.jpg,413223690_6d47f99315.jpg,e02_buffet.jpg,buffet-food.jpg,233827470_93eda76dee.jpg,tsn_buffet_table.jpg,ImpBuffet_0268.jpg,P1011256_fs.jpg,109484501_3d010b4367.jpg,31248686_d2f7aa4f63.jpg,cimg3556_1.jpg,ricetable.jpg,1351747750_8bbafedfd9.jpg,Wedding_Food_3_edited.jpg,hot_food.jpg,450407910_0c165a37aa.jpg,208671432_4a64fce131.jpg,285264036_2976da5ec8.jpg,buffet.jpg,buffet57.jpg,buffet2.jpg,buffet07.jpg,1092889351_618b8c3798_o.jpg,413438433_cdcef3db3e.jpg,31248717_88518f1e6d.jpg,208671604_b7839a0955.jpg,image_services_restaurant_buffet_1.jpg,860304346_f61ad7eb22.jpg,ov_banquet_buffet2.jpg,411053258_31173c5bea.jpg,food2.jpg,buffet648.jpg,buffet95.jpg,,,,,,,,,,,,,,,,,,,,,,,,,,,,,,,,,,,,,,,,,,,,,,,,,,,,,,,,,,,,,,,,,,,,,,,,,,,,,,,,,,,,,,,,,,,,,,,,,,,,,,,,,,,,,,,,,,,,,,,,,,,,,,,,,,,,,,,,,,,,,,,,,,,,,,,,,,,,,,,,,,,,,,,,,,,,,,,,,,,,,,,,,,,,,,,,,,,,,,,,,,,,,,,,,,,,,,,,,,,,,,,,,,,,,,,,,,,,,,,,,,,,,,,,,,,,,,,,,,,,,,,,,,,,,,,,,,,,,,,,,,,,,,,,,,,,,,,,,,,,,,,,,,,,,,,,,,,,,,,,,,,,,,,,,,,,,,,,,,,,,,,,,,,,,,,,,,,,,,,,,,,,,,,,,,,,,,,,,,,,,,,,,,,,,,,,,,,,,,,,,,,,,,,,,,,,,,,,,,,,,,,,,,,,,,,,,,,,,,,,,,,,,,,,,,,,,,,,,,,,,,,,,,,,,,,,,,,,,,,,,,,,,,,,,,,,,,,,,,,
12,bookstore,Libreria_10_01_altavista.jpg,Libreria_24_11_altavista.jpg,Librairie_22_12_altavista.jpg,Supermarche_1.jpg,Librairie_01_19_altavista.jpg,Libreria_50_18_altavista.jpg,Libreria_08_02_altavista.jpg,bookstore55.jpg,bookstore_55_22_flickr.jpg,bookstore_17_08_flickr.jpg,Photo_Librairie_001_Small_.jpg,tashen_1.jpg,Librairie_01_20_altavista.jpg,bookstore_28_12_flickr.jpg,express_boutique_b.jpg,bookstore_49_08_altavista.jpg,buch.jpg,Librairie_23_01_altavista.jpg,bookstore_03_02_altavista.jpg,bookstore_31_01_flickr.jpg,Lehmann_Buchhandlung_neu.jpg,bookstore_46_20_flickr.jpg,bookstore_40_08_altavista.jpg,bookstore_25_17_flickr.jpg,bookstore_13_19_flickr.jpg,4705_Boutique_Valen_ay.jpg,bookstore_34_12_flickr.jpg,Librairie_09_19_altavista.jpg,bookstore_02_08_flickr.jpg,librairie_11.jpg,bookstore_35_11_altavista.jpg,shakespearebookshop.jpg,bookstore_29_15_flickr.jpg,bookstore_21_07_flickr.jpg,page0_1.jpg,bookstore_47_07_altavista.jpg,BibleTreasuryBookstoreInside.jpg,Libreria_26_13_altavista.jpg,bookstore_57_04_flickr.jpg,Libreria_02_01_altavista.jpg,Librairie_07_07_altavista.jpg,Libreria_08_16_altavista.jpg,bookstore_03_09_flickr.jpg,Librairie_01_08_altavista.jpg,bookstore_52_03_flickr.jpg,bookstore_34_09_flickr.jpg,OakParkFrontView.jpg,bookstore_44_11_altavista.jpg,Libreria_13_15_altavista.jpg,PublicP131C_L.jpg,Librairie_27_01_altavista.jpg,Librairie_07_13_altavista.jpg,Librairie_30_09_altavista.jpg,Librairie_29_01_altavista.jpg,bookstore_25_16_altavista.jpg,buchhandlung.jpg,bookstore_41_05_flickr.jpg,bookstore_24_11_altavista.jpg,bookstore_27_01_altavista.jpg,bookstore_10_19_altavista.jpg,bookstore_42_04_altavista.jpg,bookstore_25_01_flickr.jpg,Libreria_18_04_altavista.jpg,bookstore_06_01_flickr.jpg,image.jpg,Librairie_04_11_altavista.jpg,Libreria_20_14_altavista.jpg,bookstore_53_13_flickr.jpg,bookstore_52_19_flickr.jpg,bookstore_41_18_altavista.jpg,Libreria_25_04_altavista.jpg,bookstore72.jpg,bookstore_14_17_altavista.jpg,Librairie_44_09_altavista.jpg,108_htmlarea_perso_630_1_L.jpg,Sans_titre1.jpg,bookstore_23_12_flickr.jpg,scaihs_bookstore2.jpg,bookstore_35_16_flickr.jpg,bookstore_02_03_flickr.jpg,bookstore_02_09_altavista.jpg,bookstore_47_13_flickr.jpg,Libreria_19_02_altavista.jpg,Bookstore_More_Merchandise.jpg,bookstore_37_07_flickr.jpg,bookstore_10_02_altavista.jpg,Librairie_48_15_altavista.jpg,bookstore_142_09_flickr.jpg,bookstore_49_03_altavista.jpg,JR64407_ArtProst_bookstore.jpg,3e7e40981ddd4cdb055c7ffe4c2af5d8.jpg,bookstore_05_14_altavista.jpg,bookstore_10_23_flickr.jpg,bookstore_09_24_flickr.jpg,1797_1796_librairie.jpg,Librairie_28_01_altavista.jpg,Bookstore25.jpg,bookstore_56_05_flickr.jpg,CIMG0473_Gross.jpg,bookstore_29_07_flickr.jpg,Libreria_38_08_altavista.jpg,bookstore_52_14_flickr.jpg,Libreria_23_16_altavista.jpg,4707_Boutique_n_mes.jpg,Libreria_16_18_altavista.jpg,Bookstore111.jpg,bookstore_39_06_altavista.jpg,bookstore_41_16_altavista.jpg,bookstore_19_19_flickr.jpg,bookstore_38_10_altavista.jpg,bookstore_05_06_altavista.jpg,ladder2.jpg,bookstore_19_13_altavista.jpg,Librairie_21_05_altavista.jpg,Libreria_13_14_altavista.jpg,Librairie_39_03_altavista.jpg,Librairie_47_13_altavista.jpg,bookstore_25_18_flickr.jpg,librairie3.jpg,Librairie_07_08_altavista.jpg,bookstore_27_10_flickr.jpg,Librairie_19_08_altavista.jpg,bookstore_40_23_flickr.jpg,bookstore_20_12_flickr.jpg,Libreria_50_12_altavista.jpg,Librairie_43_11_altavista.jpg,bookstore_46_10_altavista.jpg,bookstore_49_22_flickr.jpg,bookstore_143_19_flickr.jpg,bookstore_31_02_flickr.jpg,librairie_003.jpg,bookstore_43_20_flickr.jpg,Libreria_09_19_altavista.jpg,bookstore_41_02_flickr.jpg,Libreria_09_01_altavista.jpg,Librairie_14_18_altavista.jpg,bookstore_more_books.jpg,librairie_eyrolles_sous_sol.jpg,bookstore_34_22_flickr.jpg,url.jpg,N_Bookstore_2.jpg,Bookstore1_2.jpg,Librairie_14_10_altavista.jpg,bookstore_43_03_flickr.jpg,Libreria_09_18_altavista.jpg,bookstore_15_11_altavista.jpg,Libreria_39_03_altavista.jpg,bookstore_49_17_altavista.jpg,portolelloirmao7hw.jpg,bookstore_15_01_flickr.jpg,Librairie_18_08_altavista.jpg,Librairie_45_19_altavista.jpg,critic7.jpg,store.jpg,Libreria_41_17_altavista.jpg,librairie_16.jpg,CIMG2743.jpg,Libreria_30_16_altavista.jpg,bookstore_17_13_altavista.jpg,bulles_vienne_04.jpg,Librairie_09_17_altavista.jpg,pict0016.jpg,Libreria_38_06_altavista.jpg,bookstore_36_08_flickr.jpg,bookstore_21_04_flickr.jpg,Libreria_26_09_altavista.jpg,bookstore_19_16_altavista.jpg,bookstore_24_24_flickr.jpg,Libreria_02_17_altavista.jpg,Librairie_10_08_altavista.jpg,bookstore_large.jpg,4002_Librairie1.jpg,Librairie_08_13_altavista.jpg,bookstore_15_05_altavista.jpg,bookstore66.jpg,bookstore_52_12_flickr.jpg,bookstore_32_10_flickr.jpg,bookstore_16_24_flickr.jpg,bookstore_50_23_flickr.jpg,Librairie_22_15_altavista.jpg,librairie2_g.jpg,librairie14.jpg,bookstore_28_17_flickr.jpg,bookstore_23_04_flickr.jpg,Libreria_19_03_altavista.jpg,bookstore_25_20_altavista.jpg,bookstore_49_10_altavista.jpg,Libreria_48_15_altavista.jpg,bookstore_fromupstairs_1.jpg,bookstore777.jpg,Libreria_15_08_altavista.jpg,bookstore_143_17_flickr.jpg,Libreria_08_04_altavista.jpg,CIMG0476_Gross.jpg,Libreria_14_06_altavista.jpg,bookstore_45_18_flickr.jpg,Libreria_49_02_altavista.jpg,bookstore_23_11_flickr.jpg,librairie.jpg,bookstore_59_17_flickr.jpg,bookstore_32_11_altavista.jpg,img_blog_260106_librairie.jpg,bookstore_13_06_flickr.jpg,Libreria_44_19_altavista.jpg,ins15.jpg,Librairie_26_10_altavista.jpg,Librairie_12_06_altavista.jpg,bookstore_41_01_flickr.jpg,bookstore_02.jpg,interieur.jpg,Libreria_08_13_altavista.jpg,bookstore_17_02_flickr.jpg,Libreria_42_07_altavista.jpg,bookstore_20_01_altavista.jpg,bookstore_11_16_flickr.jpg,bookstore_46_08_altavista.jpg,spellbinding_bookstore.jpg,photo_librairie.jpg,getfile_6.jpg,bookstore_40_12_flickr.jpg,Librairie_22_20_altavista.jpg,Librairie_49_01_altavista.jpg,bookstore_34_05_flickr.jpg,livMezanino2.jpg,librairie1.jpg,Libreria_07_10_altavista.jpg,librairie_2260579.jpg,bookstore_21_09_altavista.jpg,Librairie_19.jpg,125_115_LibrairieNas.jpg,librairie2.jpg,Libreria_20_10_altavista.jpg,bookstore_53_21_flickr.jpg,bookstore_16_04_altavista.jpg,LLmeuslivrosa.jpg,sch.jpg,bookstore_142_11_flickr.jpg,Libreria_17_11_altavista.jpg,bookstore.jpg,bookstore_52_16_flickr.jpg,bookstore_57_21_flickr.jpg,Libreria_48_03_altavista.jpg,Libreria_36_19_altavista.jpg,Libreria_08_03_altavista.jpg,Librairie_43_07_altavista.jpg,bookstore_36_06_altavista.jpg,Librairie_27_13_altavista.jpg,bookstore_57_07_flickr.jpg,bookstore_23_14_flickr.jpg,bookstore_48_06_altavista.jpg,bookstore_52_23_flickr.jpg,bookstore_02_01_altavista.jpg,88cf8ddab2129088920d520f9f47f7f5.jpg,90537201888081972728.jpg,Buchhandlung_Ansichten_innen5_150dpi.jpg,bookstore_35_05_flickr.jpg,bookstore_03_15_flickr.jpg,bookstore_51_10_altavista.jpg,bookstore_02_08_altavista.jpg,bookstore_143_18_flickr.jpg,Libreria_12_15_altavista.jpg,bookstore_47_17_altavista.jpg,Libreria_34_13_altavista.jpg,bookstore_30_18_flickr.jpg,Librairie_30_08_altavista.jpg,Libreria_09_12_altavista.jpg,bookstore_25_21_flickr.jpg,bookstore_55_11_flickr.jpg,livres.jpg,bookstore_03_04_altavista.jpg,Pix_Whole_Room.jpg,bookstore_37_09_flickr.jpg,bookstore_37_04_flickr.jpg,8_bookstore.jpg,Libreria_38_10_altavista.jpg,photo_magasin.jpg,bookstore_17_10_altavista.jpg,bookstore_45_01_altavista.jpg,librairie_2.jpg,Libreria_18_06_altavista.jpg,Librairie_Licap1.jpg,bookstore_41_02_altavista.jpg,bookstore_56_06_flickr.jpg,comicladenzuerich_025.jpg,LETRA_V.jpg,6226.jpg,bookstore_21_14_flickr.jpg,Librairie_02.jpg,librairie_51.jpg,Libreria_50_17_altavista.jpg,bookstore_60_04_flickr.jpg,Libreria_09_02_altavista.jpg,Libreria_09_20_altavista.jpg,bookstore_24_01_flickr.jpg,bookstore_24_07_flickr.jpg,manga_at_the_bookstore.jpg,Librairie_16_05_altavista.jpg,bookstore_23_21_flickr.jpg,Librairie_37_03_altavista.jpg,Librairie_48_13_altavista.jpg,Libreria_23_17_altavista.jpg,Libreria_08_01_altavista.jpg,6417.jpg,bookstore_01_09_flickr.jpg,,,,,,,,,,,,,,,,,,,,,,,,,,,,,,,,,,,,,,,,,,,,,,,,,,,,,,,,,,,,,,,,,,,,,,,,,,,,,,,,,,,,,,,,,,,,,,,,,,,,,,,,,,,,,,,,,,,,,,,,,,,,,,,,,,,,,,,,,,,,,,,,,,,,,,,,,,,,,,,,,,,,,,,,,,,,,,,,,,,,,,,,,,,,,,,,,,,,,,,,,,,,,,,,,,,,,,,,,,,,,,,,,,,,,,,,,,,,,,,,,,,,,,,,,,,,,,,,,,,,,,,,,,,,,,,,,,,,,,,,,,,
13,locker_room,locker_room_google_0108.jpg,locker_room_google_0247.jpg,locker_room_google_0107.jpg,locker_room_google_0138.jpg,locker_room_google_0040.jpg,locker_room_google_0111.jpg,locker_room_google_0004.jpg,locker_room_google_0203.jpg,locker_room_google_0089.jpg,locker_room_google_0244.jpg,locker_room_google_0064.jpg,locker_room_google_0176.jpg,locker_room_google_0008.jpg,locker_room_google_0170.jpg,locker_room_google_0243.jpg,locker_room_google_0208.jpg,locker_room_google_0239.jpg,locker_room_google_0207.jpg,locker_room_google_0146.jpg,locker_room_google_0125.jpg,locker_room_google_0221.jpg,locker_room_google_0013.jpg,locker_room_google_0076.jpg,locker_room_google_0078.jpg,locker_room_google_0171.jpg,locker_room_google_0103.jpg,locker_room_google_0119.jpg,locker_room_google_0036.jpg,locker_room_google_0041.jpg,locker_room_google_0166.jpg,locker_room_google_0240.jpg,locker_room_google_0087.jpg,locker_room_google_0012.jpg,locker_room_google_0114.jpg,locker_room_google_0135.jpg,locker_room_google_0223.jpg,locker_room_google_0085.jpg,locker_room_google_0005.jpg,locker_room_google_0183.jpg,locker_room_google_0202.jpg,locker_room_google_0105.jpg,locker_room_google_0028.jpg,locker_room_google_0130.jpg,locker_room_google_0035.jpg,locker_room_google_0098.jpg,locker_room_google_0090.jpg,locker_room_google_0043.jpg,locker_room_google_0127.jpg,locker_room_google_0068.jpg,locker_room_google_0248.jpg,locker_room_google_0137.jpg,locker_room_google_0158.jpg,locker_room_google_0131.jpg,locker_room_google_0136.jpg,locker_room_google_0023.jpg,locker_room_google_0161.jpg,locker_room_google_0006.jpg,locker_room_google_0029.jpg,locker_room_google_0079.jpg,locker_room_google_0015.jpg,locker_room_google_0195.jpg,locker_room_google_0151.jpg,locker_room_google_0193.jpg,locker_room_google_0066.jpg,locker_room_google_0149.jpg,locker_room_google_0241.jpg,locker_room_google_0211.jpg,locker_room_google_0128.jpg,locker_room_google_0123.jpg,locker_room_google_0083.jpg,locker_room_google_0145.jpg,locker_room_google_0227.jpg,locker_room_google_0237.jpg,locker_room_google_0165.jpg,locker_room_google_0178.jpg,locker_room_google_0199.jpg,locker_room_google_0226.jpg,locker_room_google_0177.jpg,locker_room_google_0141.jpg,locker_room_google_0242.jpg,locker_room_google_0233.jpg,locker_room_google_0249.jpg,locker_room_google_0118.jpg,locker_room_google_0147.jpg,locker_room_google_0194.jpg,locker_room_google_0198.jpg,locker_room_google_0080.jpg,locker_room_google_0045.jpg,locker_room_google_0209.jpg,locker_room_google_0014.jpg,locker_room_google_0126.jpg,locker_room_google_0096.jpg,locker_room_google_0173.jpg,locker_room_google_0003.jpg,locker_room_google_0121.jpg,locker_room_google_0075.jpg,locker_room_google_0020.jpg,locker_room_google_0116.jpg,locker_room_google_0155.jpg,locker_room_google_0016.jpg,locker_room_google_0001.jpg,locker_room_google_0245.jpg,locker_room_google_0191.jpg,locker_room_google_0246.jpg,locker_room_google_0093.jpg,locker_room_google_0197.jpg,locker_room_google_0031.jpg,locker_room_google_0030.jpg,locker_room_google_0231.jpg,locker_room_google_0086.jpg,locker_room_google_0153.jpg,locker_room_google_0148.jpg,locker_room_google_0219.jpg,locker_room_google_0017.jpg,locker_room_google_0115.jpg,locker_room_google_0120.jpg,locker_room_google_0050.jpg,locker_room_google_0250.jpg,locker_room_google_0058.jpg,locker_room_google_0189.jpg,locker_room_google_0150.jpg,locker_room_google_0154.jpg,locker_room_google_0059.jpg,locker_room_google_0204.jpg,locker_room_google_0228.jpg,locker_room_google_0181.jpg,locker_room_google_0042.jpg,locker_room_google_0063.jpg,locker_room_google_0144.jpg,locker_room_google_0217.jpg,locker_room_google_0179.jpg,locker_room_google_0033.jpg,locker_room_google_0142.jpg,locker_room_google_0230.jpg,locker_room_google_0077.jpg,locker_room_google_0238.jpg,locker_room_google_0185.jpg,locker_room_google_0160.jpg,locker_room_google_0060.jpg,locker_room_google_0129.jpg,locker_room_google_0010.jpg,locker_room_google_0162.jpg,locker_room_google_0117.jpg,locker_room_google_0220.jpg,locker_room_google_0026.jpg,locker_room_google_0081.jpg,locker_room_google_0053.jpg,locker_room_google_0011.jpg,locker_room_google_0236.jpg,locker_room_google_0159.jpg,locker_room_google_0216.jpg,locker_room_google_0038.jpg,locker_room_google_0143.jpg,locker_room_google_0099.jpg,locker_room_google_0132.jpg,locker_room_google_0175.jpg,locker_room_google_0234.jpg,locker_room_google_0152.jpg,locker_room_google_0156.jpg,locker_room_google_0022.jpg,locker_room_google_0106.jpg,locker_room_google_0224.jpg,locker_room_google_0235.jpg,locker_room_google_0124.jpg,locker_room_google_0122.jpg,locker_room_google_0024.jpg,locker_room_google_0109.jpg,locker_room_google_0212.jpg,locker_room_google_0214.jpg,locker_room_google_0091.jpg,locker_room_google_0225.jpg,locker_room_google_0190.jpg,locker_room_google_0200.jpg,locker_room_google_0182.jpg,locker_room_google_0018.jpg,locker_room_google_0072.jpg,locker_room_google_0057.jpg,locker_room_google_0021.jpg,locker_room_google_0164.jpg,locker_room_google_0007.jpg,locker_room_google_0051.jpg,locker_room_google_0048.jpg,locker_room_google_0009.jpg,locker_room_google_0167.jpg,locker_room_google_0095.jpg,locker_room_google_0054.jpg,locker_room_google_0201.jpg,locker_room_google_0067.jpg,locker_room_google_0205.jpg,locker_room_google_0025.jpg,locker_room_google_0097.jpg,locker_room_google_0184.jpg,locker_room_google_0218.jpg,locker_room_google_0157.jpg,locker_room_google_0034.jpg,locker_room_google_0133.jpg,locker_room_google_0044.jpg,locker_room_google_0102.jpg,locker_room_google_0139.jpg,,,,,,,,,,,,,,,,,,,,,,,,,,,,,,,,,,,,,,,,,,,,,,,,,,,,,,,,,,,,,,,,,,,,,,,,,,,,,,,,,,,,,,,,,,,,,,,,,,,,,,,,,,,,,,,,,,,,,,,,,,,,,,,,,,,,,,,,,,,,,,,,,,,,,,,,,,,,,,,,,,,,,,,,,,,,,,,,,,,,,,,,,,,,,,,,,,,,,,,,,,,,,,,,,,,,,,,,,,,,,,,,,,,,,,,,,,,,,,,,,,,,,,,,,,,,,,,,,,,,,,,,,,,,,,,,,,,,,,,,,,,,,,,,,,,,,,,,,,,,,,,,,,,,,,,,,,,,,,,,,,,,,,,,,,,,,,,,,,,,,,,,,,,,,,,,,,,,,,,,,,,,,,,,,,,,,,,,,,,,,,,,,,,,
14,greenhouse,greenhouse2iu1.jpg,invernadero_1111.jpg,serre_printemps.jpg,geranium.jpg,2026_2006_Grimm_s_Gardens_Greenhouse.jpg,jardin_celeste_nouv.jpg,finished_inside.jpg,Greenhouse632.jpg,hortela_nas_estufas_2.jpg,Invernadero.jpg,DSC00024.jpg,main.jpg,greenhouse2_1.jpg,invernadero_flores2.jpg,greenhouse_fullgrowth.jpg,greenhouse123.jpg,greenhouse2123.jpg,horti_estufa.jpg,greenhouse_main.jpg,greenhouselk2.jpg,hydroponic_greenhouse.jpg,1412_mb_file_0a8c5_gif.jpg,med_gallery_3601_179_581844.jpg,greenhousetr_2.jpg,ESTUFA.jpg,invernaderos_fotos_015.jpg,greenhouseikjj2.jpg,paghmist.jpg,20070418klpcnaecl_364_Ies_SCO.jpg,green01.jpg,bob_black_greenhouse.jpg,url.jpg,fotos2433.jpg,greenhouse276.jpg,greenhouse167.jpg,greenhouseoi1.jpg,2_wallington_greenhouse_470x353.jpg,site_estufa_04.jpg,segu_est.jpg,letter_greenhouse.jpg,051011Greenhouse.jpg,invernadero_2.jpg,088_invernadero.jpg,invernadero1112.jpg,greenhousegh1.jpg,20070417klpcnatun_229_Ies_SCO.jpg,747202.jpg,invernaderos_fotos_020.jpg,greenhouse_452.jpg,serre_4.jpg,greenhouse_l.jpg,ferns4.jpg,dscn0088.jpg,1412_mb_file_0a8c5.jpg,hydroponic_greenhouse_1.jpg,AMFWTOaa.jpg,dads_greenhouse.jpg,ART2901025.jpg,greenhouse_652.jpg,greenhouse3.jpg,gewaechshaus_4.jpg,greenhouse203.jpg,Estufa_178.jpg,invernadero01.jpg,greenhouse9.jpg,greenhouse_pics_019.jpg,invernadero04.jpg,conservatory_greenhouse_big.jpg,Pic_4748_33.jpg,greenhouse_009.jpg,DSCN1239.jpg,47_Invernadero_1.jpg,Gewaechshaus.jpg,greenhouse8.jpg,greenhouse2yy1.jpg,inverna_izq_full.jpg,_7CCDF0C3_D08A_420C_8275_8544C0A84D0C_19112003_002.jpg,greenhouse842.jpg,Fabricated_Metal_Plastic_Tube_Greenhouse.jpg,greenhouse98.jpg,,,,,,,,,,,,,,,,,,,,,,,,,,,,,,,,,,,,,,,,,,,,,,,,,,,,,,,,,,,,,,,,,,,,,,,,,,,,,,,,,,,,,,,,,,,,,,,,,,,,,,,,,,,,,,,,,,,,,,,,,,,,,,,,,,,,,,,,,,,,,,,,,,,,,,,,,,,,,,,,,,,,,,,,,,,,,,,,,,,,,,,,,,,,,,,,,,,,,,,,,,,,,,,,,,,,,,,,,,,,,,,,,,,,,,,,,,,,,,,,,,,,,,,,,,,,,,,,,,,,,,,,,,,,,,,,,,,,,,,,,,,,,,,,,,,,,,,,,,,,,,,,,,,,,,,,,,,,,,,,,,,,,,,,,,,,,,,,,,,,,,,,,,,,,,,,,,,,,,,,,,,,,,,,,,,,,,,,,,,,,,,,,,,,,,,,,,,,,,,,,,,,,,,,,,,,,,,,,,,,,,,,,,,,,,,,,,,,,,,,,,,,,,,,,,,,,,,,,,,,,,,,,,,,,,,,,,,,,,,,,,,,,,,,,,,,,,,,,,,,,,,,,,,
15,airport_inside,airport_inside_0492.jpg,airport_inside_0427.jpg,airport_inside_0268.jpg,airport_inside_0177.jpg,airport_inside_0532.jpg,airport_inside_0547.jpg,airport_inside_0593.jpg,airport_inside_0569.jpg,airport_inside_0362.jpg,airport_inside_0420.jpg,airport_inside_0426.jpg,airport_inside_0178.jpg,airport_inside_0601.jpg,airport_inside_0240.jpg,airport_inside_0149.jpg,airport_inside_0452.jpg,airport_inside_0600.jpg,airport_inside_0124.jpg,airport_inside_0073.jpg,airport_inside_0560.jpg,airport_inside_0234.jpg,airport_inside_0573.jpg,airport_inside_0250.jpg,airport_inside_0192.jpg,airport_inside_0340.jpg,airport_inside_0580.jpg,airport_inside_0609.jpg,airport_inside_0477.jpg,airport_inside_0555.jpg,airport_inside_0529.jpg,airport_inside_0374.jpg,airport_inside_0487.jpg,airport_inside_0194.jpg,airport_inside_0379.jpg,airport_inside_0231.jpg,airport_inside_0183.jpg,airport_inside_0534.jpg,airport_inside_0042.jpg,airport_inside_0131.jpg,airport_inside_0467.jpg,airport_inside_0498.jpg,airport_inside_0057.jpg,airport_inside_0184.jpg,airport_inside_0011.jpg,airport_inside_0554.jpg,airport_inside_0460.jpg,airport_inside_0408.jpg,airport_inside_0516.jpg,airport_inside_0176.jpg,airport_inside_0257.jpg,airport_inside_0307.jpg,airport_inside_0111.jpg,airport_inside_0497.jpg,airport_inside_0279.jpg,airport_inside_0438.jpg,airport_inside_0271.jpg,airport_inside_0132.jpg,airport_inside_0565.jpg,airport_inside_0566.jpg,airport_inside_0493.jpg,airport_inside_0550.jpg,airport_inside_0515.jpg,airport_inside_0090.jpg,airport_inside_0097.jpg,airport_inside_0548.jpg,airport_inside_0229.jpg,airport_inside_0241.jpg,airport_inside_0205.jpg,airport_inside_0203.jpg,airport_inside_0161.jpg,airport_inside_0007.jpg,airport_inside_0059.jpg,airport_inside_0035.jpg,airport_inside_0603.jpg,airport_inside_0048.jpg,airport_inside_0185.jpg,airport_inside_0479.jpg,airport_inside_0100.jpg,airport_inside_0074.jpg,airport_inside_0439.jpg,airport_inside_0519.jpg,airport_inside_0495.jpg,airport_inside_0562.jpg,airport_inside_0583.jpg,airport_inside_0602.jpg,airport_inside_0292.jpg,airport_inside_0221.jpg,airport_inside_0078.jpg,airport_inside_0198.jpg,airport_inside_0156.jpg,airport_inside_0572.jpg,airport_inside_0430.jpg,airport_inside_0368.jpg,airport_inside_0399.jpg,airport_inside_0102.jpg,airport_inside_0242.jpg,airport_inside_0223.jpg,airport_inside_0324.jpg,airport_inside_0333.jpg,airport_inside_0017.jpg,airport_inside_0346.jpg,airport_inside_0259.jpg,airport_inside_0579.jpg,airport_inside_0191.jpg,airport_inside_0594.jpg,airport_inside_0530.jpg,airport_inside_0369.jpg,airport_inside_0230.jpg,airport_inside_0391.jpg,airport_inside_0081.jpg,airport_inside_0244.jpg,airport_inside_0065.jpg,airport_inside_0247.jpg,airport_inside_0107.jpg,airport_inside_0061.jpg,airport_inside_0417.jpg,airport_inside_0367.jpg,airport_inside_0068.jpg,airport_inside_0070.jpg,airport_inside_0429.jpg,airport_inside_0039.jpg,airport_inside_0040.jpg,airport_inside_0488.jpg,airport_inside_0421.jpg,airport_inside_0014.jpg,airport_inside_0123.jpg,airport_inside_0187.jpg,airport_inside_0167.jpg,airport_inside_0122.jpg,airport_inside_0209.jpg,airport_inside_0278.jpg,airport_inside_0243.jpg,airport_inside_0105.jpg,airport_inside_0052.jpg,airport_inside_0376.jpg,airport_inside_0024.jpg,airport_inside_0444.jpg,airport_inside_0315.jpg,airport_inside_0046.jpg,airport_inside_0531.jpg,airport_inside_0518.jpg,airport_inside_0159.jpg,airport_inside_0608.jpg,airport_inside_0424.jpg,airport_inside_0578.jpg,airport_inside_0168.jpg,airport_inside_0032.jpg,airport_inside_0511.jpg,airport_inside_0270.jpg,airport_inside_0173.jpg,airport_inside_0295.jpg,airport_inside_0375.jpg,airport_inside_0029.jpg,airport_inside_0219.jpg,airport_inside_0297.jpg,airport_inside_0463.jpg,airport_inside_0289.jpg,airport_inside_0508.jpg,airport_inside_0286.jpg,airport_inside_0314.jpg,airport_inside_0575.jpg,airport_inside_0298.jpg,airport_inside_0523.jpg,airport_inside_0597.jpg,airport_inside_0267.jpg,airport_inside_0595.jpg,airport_inside_0010.jpg,airport_inside_0214.jpg,airport_inside_0326.jpg,airport_inside_0480.jpg,airport_inside_0128.jpg,airport_inside_0139.jpg,airport_inside_0582.jpg,airport_inside_0458.jpg,airport_inside_0423.jpg,airport_inside_0347.jpg,airport_inside_0220.jpg,airport_inside_0483.jpg,airport_inside_0199.jpg,airport_inside_0037.jpg,airport_inside_0409.jpg,airport_inside_0120.jpg,airport_inside_0138.jpg,airport_inside_0343.jpg,airport_inside_0258.jpg,airport_inside_0451.jpg,airport_inside_0226.jpg,airport_inside_0607.jpg,airport_inside_0154.jpg,airport_inside_0440.jpg,airport_inside_0293.jpg,airport_inside_0182.jpg,airport_inside_0174.jpg,airport_inside_0210.jpg,airport_inside_0403.jpg,airport_inside_0395.jpg,airport_inside_0545.jpg,airport_inside_0141.jpg,airport_inside_0110.jpg,airport_inside_0317.jpg,airport_inside_0142.jpg,airport_inside_0196.jpg,airport_inside_0464.jpg,airport_inside_0055.jpg,airport_inside_0072.jpg,airport_inside_0054.jpg,airport_inside_0556.jpg,airport_inside_0306.jpg,airport_inside_0063.jpg,airport_inside_0277.jpg,airport_inside_0509.jpg,airport_inside_0501.jpg,airport_inside_0528.jpg,airport_inside_0454.jpg,airport_inside_0341.jpg,airport_inside_0071.jpg,airport_inside_0172.jpg,airport_inside_0432.jpg,airport_inside_0305.jpg,airport_inside_0114.jpg,airport_inside_0433.jpg,airport_inside_0118.jpg,airport_inside_0512.jpg,airport_inside_0450.jpg,airport_inside_0109.jpg,airport_inside_0330.jpg,airport_inside_0520.jpg,airport_inside_0596.jpg,airport_inside_0013.jpg,airport_inside_0378.jpg,airport_inside_0135.jpg,airport_inside_0470.jpg,airport_inside_0364.jpg,airport_inside_0557.jpg,airport_inside_0446.jpg,airport_inside_0416.jpg,airport_inside_0339.jpg,airport_inside_0312.jpg,airport_inside_0313.jpg,airport_inside_0410.jpg,airport_inside_0273.jpg,airport_inside_0043.jpg,airport_inside_0386.jpg,airport_inside_0411.jpg,airport_inside_0468.jpg,airport_inside_0188.jpg,airport_inside_0473.jpg,airport_inside_0539.jpg,airport_inside_0284.jpg,airport_inside_0321.jpg,airport_inside_0189.jpg,airport_inside_0503.jpg,airport_inside_0592.jpg,airport_inside_0016.jpg,airport_inside_0564.jpg,airport_inside_0069.jpg,airport_inside_0136.jpg,airport_inside_0143.jpg,airport_inside_0152.jpg,airport_inside_0538.jpg,airport_inside_0164.jpg,airport_inside_0087.jpg,airport_inside_0456.jpg,airport_inside_0522.jpg,airport_inside_0282.jpg,airport_inside_0465.jpg,airport_inside_0281.jpg,airport_inside_0134.jpg,airport_inside_0316.jpg,airport_inside_0009.jpg,airport_inside_0253.jpg,airport_inside_0431.jpg,airport_inside_0500.jpg,airport_inside_0018.jpg,airport_inside_0309.jpg,airport_inside_0544.jpg,airport_inside_0019.jpg,airport_inside_0285.jpg,airport_inside_0586.jpg,airport_inside_0337.jpg,airport_inside_0186.jpg,airport_inside_0130.jpg,airport_inside_0140.jpg,airport_inside_0050.jpg,airport_inside_0558.jpg,airport_inside_0236.jpg,airport_inside_0371.jpg,airport_inside_0384.jpg,airport_inside_0151.jpg,airport_inside_0038.jpg,airport_inside_0383.jpg,airport_inside_0445.jpg,airport_inside_0113.jpg,airport_inside_0290.jpg,airport_inside_0490.jpg,airport_inside_0092.jpg,airport_inside_0398.jpg,airport_inside_0360.jpg,airport_inside_0542.jpg,airport_inside_0095.jpg,airport_inside_0504.jpg,airport_inside_0535.jpg,airport_inside_0338.jpg,airport_inside_0238.jpg,airport_inside_0218.jpg,airport_inside_0201.jpg,airport_inside_0412.jpg,airport_inside_0033.jpg,airport_inside_0158.jpg,airport_inside_0180.jpg,airport_inside_0294.jpg,airport_inside_0249.jpg,airport_inside_0604.jpg,airport_inside_0481.jpg,airport_inside_0288.jpg,airport_inside_0116.jpg,airport_inside_0553.jpg,airport_inside_0108.jpg,airport_inside_0351.jpg,airport_inside_0475.jpg,airport_inside_0283.jpg,airport_inside_0208.jpg,airport_inside_0605.jpg,airport_inside_0404.jpg,airport_inside_0245.jpg,airport_inside_0045.jpg,airport_inside_0574.jpg,airport_inside_0311.jpg,airport_inside_0469.jpg,airport_inside_0541.jpg,airport_inside_0137.jpg,airport_inside_0034.jpg,airport_inside_0260.jpg,airport_inside_0006.jpg,airport_inside_0303.jpg,airport_inside_0083.jpg,airport_inside_0012.jpg,airport_inside_0400.jpg,airport_inside_0496.jpg,airport_inside_0413.jpg,airport_inside_0261.jpg,airport_inside_0256.jpg,airport_inside_0543.jpg,airport_inside_0145.jpg,airport_inside_0036.jpg,airport_inside_0252.jpg,airport_inside_0434.jpg,airport_inside_0319.jpg,airport_inside_0436.jpg,airport_inside_0344.jpg,airport_inside_0486.jpg,airport_inside_0155.jpg,airport_inside_0091.jpg,airport_inside_0505.jpg,airport_inside_0233.jpg,airport_inside_0027.jpg,airport_inside_0228.jpg,airport_inside_0147.jpg,airport_inside_0020.jpg,airport_inside_0381.jpg,airport_inside_0397.jpg,airport_inside_0561.jpg,airport_inside_0418.jpg,airport_inside_0225.jpg,airport_inside_0590.jpg,airport_inside_0008.jpg,airport_inside_0179.jpg,airport_inside_0160.jpg,airport_inside_0405.jpg,airport_inside_0076.jpg,airport_inside_0028.jpg,airport_inside_0056.jpg,airport_inside_0133.jpg,airport_inside_0080.jpg,airport_inside_0415.jpg,airport_inside_0521.jpg,airport_inside_0396.jpg,airport_inside_0021.jpg,airport_inside_0441.jpg,airport_inside_0422.jpg,airport_inside_0327.jpg,airport_inside_0015.jpg,airport_inside_0482.jpg,airport_inside_0587.jpg,airport_inside_0193.jpg,airport_inside_0552.jpg,airport_inside_0051.jpg,airport_inside_0570.jpg,airport_inside_0581.jpg,airport_inside_0334.jpg,airport_inside_0513.jpg,airport_inside_0435.jpg,airport_inside_0499.jpg,airport_inside_0022.jpg,airport_inside_0227.jpg,airport_inside_0217.jpg,airport_inside_0262.jpg,airport_inside_0119.jpg,airport_inside_0373.jpg,airport_inside_0425.jpg,airport_inside_0366.jpg,airport_inside_0060.jpg,airport_inside_0352.jpg,airport_inside_0484.jpg,airport_inside_0419.jpg,airport_inside_0058.jpg,airport_inside_0489.jpg,airport_inside_0235.jpg,airport_inside_0272.jpg,airport_inside_0150.jpg,airport_inside_0353.jpg,airport_inside_0195.jpg,airport_inside_0265.jpg,airport_inside_0588.jpg,airport_inside_0216.jpg,airport_inside_0474.jpg,airport_inside_0204.jpg,airport_inside_0354.jpg,airport_inside_0302.jpg,airport_inside_0202.jpg,airport_inside_0098.jpg,airport_inside_0023.jpg,airport_inside_0266.jpg,airport_inside_0514.jpg,airport_inside_0476.jpg,airport_inside_0304.jpg,airport_inside_0506.jpg,airport_inside_0222.jpg,airport_inside_0099.jpg,airport_inside_0237.jpg,airport_inside_0372.jpg,airport_inside_0585.jpg,airport_inside_0001.jpg,airport_inside_0448.jpg,airport_inside_0005.jpg,airport_inside_0401.jpg,airport_inside_0206.jpg,airport_inside_0096.jpg,airport_inside_0350.jpg,airport_inside_0084.jpg,airport_inside_0363.jpg,airport_inside_0471.jpg,airport_inside_0224.jpg,airport_inside_0437.jpg,airport_inside_0540.jpg,airport_inside_0239.jpg,airport_inside_0449.jpg,airport_inside_0517.jpg,airport_inside_0323.jpg,airport_inside_0127.jpg,airport_inside_0089.jpg,airport_inside_0507.jpg,airport_inside_0190.jpg,airport_inside_0387.jpg,airport_inside_0276.jpg,airport_inside_0331.jpg,airport_inside_0394.jpg,airport_inside_0169.jpg,airport_inside_0103.jpg,airport_inside_0066.jpg,airport_inside_0345.jpg,airport_inside_0361.jpg,airport_inside_0393.jpg,airport_inside_0088.jpg,airport_inside_0263.jpg,airport_inside_0402.jpg,airport_inside_0382.jpg,airport_inside_0443.jpg,airport_inside_0165.jpg,airport_inside_0510.jpg,airport_inside_0485.jpg,airport_inside_0377.jpg,airport_inside_0246.jpg,airport_inside_0094.jpg,airport_inside_0275.jpg,airport_inside_0357.jpg,airport_inside_0320.jpg,airport_inside_0079.jpg,airport_inside_0466.jpg,airport_inside_0004.jpg,airport_inside_0300.jpg,airport_inside_0455.jpg,airport_inside_0407.jpg,airport_inside_0213.jpg,airport_inside_0536.jpg,airport_inside_0112.jpg,,,,,,,,,,,,,,,,,,,,,,,,,,,,,,,,,,,,,,,,,,,,,,,,,,,,,,,,,,,,,,,,,,,,,,,,,,,,,,,,,,,,,,,,,,,,,,,,,,,,,
16,hairsalon,348_img159643_365652.jpg,c6fde69b_523f.jpg,DSCN3262_modifie_1.jpg,aula_parrucchiere.jpg,salon2456.jpg,peluqueria_pascual.jpg,salon3487.jpg,salon_karin_pc080164.jpg,WM2523119824.jpg,1192192476_small.jpg,80b04b40cf70dc6eb9e9e6738fc4_1_3.jpg,photo_of_salon.jpg,Classic_Inside.jpg,peluqueria_03.jpg,area_belones_ella_el_peluqueria8.jpg,hair_salon.jpg,DVP4976675_P.jpg,salon22.jpg,SalonCoiffureMontelimar7.jpg,SalonCoiffureMontelimar4.jpg,1871389960_44f51e02e4.jpg,salon772.jpg,original.jpg,ricardo_maggiore_salon.jpg,accueil_salon_5_6.jpg,salon2678.jpg,SalonCoiffureMontelimar6.jpg,11555455012.jpg,salonen02.jpg,1ertyu.jpg,image_5.jpg,peluqueria_interiorr.jpg,peluqueria1.jpg,chairs1.jpg,interieur_1.jpg,p01_10_07_1833.jpg,salone45.jpg,_PZF03ZQH3ZmH0Av0kYGRg.jpg,Copie_de_DSCF1579.jpg,hair_salon1.jpg,salon_laurence_coiffure3.jpg,salon3.jpg,peluqueria02.jpg,peluqueria11.jpg,1117858298_3ddfab52d3.jpg,6046663.jpg,thumb52.jpg,salon.jpg,17630_7927_qsoms.jpg,PELUQUERIA_EROTICA_1155_3.jpg,venta_405073650.jpg,web_peluqueria.jpg,288_img325405_961178.jpg,suburbia_hair_5.jpg,Photo6.jpg,0gefHLp8G0hS8ab5T1BKhdescQ3UG016_800x600.jpg,hairsalon.jpg,54185c86_5729.jpg,0433_04_2255837_a.jpg,peluqueria_085.jpg,salon_3_09_06.jpg,peluqueria03.jpg,peluqueria1_2.jpg,DSCN3256_modifie_2.jpg,Salon_2008_feb_5_.jpg,hair_salon_hl.jpg,PROD_PHOTO1_908_1136891088.jpg,_peluqueria2_w_gra.jpg,salon_front.jpg,50401086.jpg,fdc_2701_1.jpg,salon_montauban.jpg,1559402833_f6b88b4eeb.jpg,salon_2_09_06.jpg,salon_karin_pc080167.jpg,interieur_salon_de_coiffure.jpg,1871389594_4a2956928a.jpg,BIG_20070824213235.jpg,3_bains_du_marais.jpg,salon4.jpg,pagiovanni.jpg,url.jpg,peluqueria.jpg,hair.jpg,armando_hair_salon_image6.jpg,coiffure.jpg,1143225372_img.jpg,interieur3.jpg,suburbia_hair_3.jpg,salon_001.jpg,17292943_e17b29baf8.jpg,Image016_17.jpg,home_cover_01.jpg,salon1_gr.jpg,hochzoll_innen_big.jpg,salon_coiffure.jpg,photodroite1.jpg,salon3_gr.jpg,salondecoiffure9215oq7.jpg,HS_partners.jpg,355932548_1c8c0324a6.jpg,111528037_7494ae335f.jpg,salon_03.jpg,salon03.jpg,salon_de_coiffure.jpg,photo_salon2.jpg,Salon_poste_coiffure2_grand.jpg,area_belones_ella_el_peluqueria7.jpg,1cb88b407105e7f93511d544d9b7_1_3.jpg,CIMG2060.jpg,coiffeur0636yp5.jpg,salondecoiffure5233lb8.jpg,hadar_peluqueria_cadiz_interior_2.jpg,54667_1.jpg,BIG_20080418112453.jpg,salon3-gr.jpg,salon198.jpg,salon2_gr.jpg,salon_gif.jpg,photo_salon1.jpg,salon_coiffure_1_png.jpg,salon_karin_pc080157.jpg,foa6agrande.jpg,willkommen.jpg,torreviejayasociados3.jpg,fdc_2196_1.jpg,salon345.jpg,dcaae417_5354.jpg,SalonCoiffure3.jpg,rochefort.jpg,b.jpg,mfotos_peluqueria_001.jpg,HPIM0491.jpg,DSC_0091.jpg,jpg_2_2.jpg,hizairsalon_400.jpg,salon06.jpg,salonHairStylist.jpg,1870565281_d339778e97.jpg,salon6.jpg,salon790.jpg,salondebelleza.jpg,cover_salon.jpg,large_img_nj.jpg,httpwwwecoledecoiffurecarolinelaprisecom_18496.jpg,296614426_3b58446e42.jpg,Salon1111.jpg,Salon_innenaufnahme_03.jpg,DSCN1950.jpg,peluqueria01.jpg,16.jpg,540.jpg,NEWSALONPHOTOS002smaller.jpg,salon644.jpg,salon_6_1.jpg,187110285_5dc48e8dd9.jpg,salon_laurence_coiffure2.jpg,salon1687.jpg,salon10.jpg,seatacbeautyschool2.jpg,claudy_coiffure_salon_1.jpg,Salon_poste_coiffure1_grand.jpg,peluqueria12.jpg,salon_transparenz.jpg,CYP0800535_P.jpg,6988.jpg,arayahs_hair_salon_inside_2.jpg,salone466.jpg,onglet_salon_d_application_paragraphe_coiffure.jpg,foto_05_blick_von_hinten_salon.jpg,salon05.jpg,salon2.jpg,salon4_gr.jpg,friseur1.jpg,salon4566.jpg,316_va.jpg,bez2.jpg,HPIM0364.jpg,1870564269_7d37b30f88.jpg,Friseure_Bonn_Salon_Eingang_gross.jpg,Salon5.jpg,39.jpg,pict0004.jpg,SalonCoiffureMontelimar8.jpg,hair_salon_brisbane.jpg,1.jpg,27_1.jpg,bild5_gross.jpg,DSCN3259_modifie_1.jpg,salon_3_09_06_1.jpg,4613843c_peluqueria2.jpg,,,,,,,,,,,,,,,,,,,,,,,,,,,,,,,,,,,,,,,,,,,,,,,,,,,,,,,,,,,,,,,,,,,,,,,,,,,,,,,,,,,,,,,,,,,,,,,,,,,,,,,,,,,,,,,,,,,,,,,,,,,,,,,,,,,,,,,,,,,,,,,,,,,,,,,,,,,,,,,,,,,,,,,,,,,,,,,,,,,,,,,,,,,,,,,,,,,,,,,,,,,,,,,,,,,,,,,,,,,,,,,,,,,,,,,,,,,,,,,,,,,,,,,,,,,,,,,,,,,,,,,,,,,,,,,,,,,,,,,,,,,,,,,,,,,,,,,,,,,,,,,,,,,,,,,,,,,,,,,,,,,,,,,,,,,,,,,,,,,,,,,,,,,,,,,,,,,,,,,,,,,,,,,,,,,,,,,,,,,,,,,,,,,,,,,,,,,,
17,bathroom,room118.jpg,IMG_1253.jpg,indoor_0197.jpg,IMG_4833.jpg,room311.jpg,IMG_3018.jpg,interior016.jpg,IMG_5785.jpg,indoor_0513.jpg,IMG_2439.jpg,room483.jpg,IMG_2332.jpg,indoor_0278.jpg,or_02_04_0211_08_l.jpg,b2.jpg,room484.jpg,b4.jpg,int683.jpg,indoor_0489.jpg,IMG_9819.jpg,roomscan34.jpg,cdmc1116.jpg,room319.jpg,IMG_1343.jpg,img_0018.jpg,008.jpg,indoor_0465.jpg,room315.jpg,indoor_0135.jpg,room431.jpg,n190015.jpg,14_master_bathroom_jl.jpg,indoor_0078.jpg,room31.jpg,int480.jpg,room317.jpg,IMG_9646.jpg,indoor_0432.jpg,indoor_0082.jpg,100_0281.jpg,IMG_9648.jpg,b5.jpg,bath166.jpg,dscn2018.jpg,room280.jpg,b9.jpg,n190010.jpg,dsc00032.jpg,img_1115.jpg,img_2399.jpg,indoor_0333.jpg,room29.jpg,bath303.jpg,indoor_0286.jpg,indoor_0391.jpg,room32.jpg,bathroom35.jpg,indoor_0404.jpg,IMG_1703.jpg,indoor_0368.jpg,ta_99_2_0319_02_l.jpg,indoor_0486.jpg,IMG_0074.jpg,IMG_5747.jpg,IMG_4834.jpg,p8270262.jpg,room268.jpg,interior015.jpg,dsc01582.jpg,indoor_0226.jpg,indoor_0196.jpg,room492.jpg,indoor_0461.jpg,el_cuarto_de_bano.jpg,IMG_1559.jpg,dsc3101.jpg,room421.jpg,int482.jpg,indoor_0137.jpg,room482.jpg,b10.jpg,IMG_9647.jpg,IMG_2831.jpg,room508.jpg,d47.jpg,indoor_0332.jpg,indoor_0264.jpg,bath288.jpg,indoor_0363.jpg,indoor_0187.jpg,room270.jpg,indoor_0217.jpg,IMG_0076.jpg,room485.jpg,b8.jpg,IMG_9818.jpg,b1.jpg,IMG_5749.jpg,edificio_milano_ventas_alaria_034.jpg,bothroom99.jpg,bano3_2.jpg,im3.jpg,IMG_1340.jpg,IMG_3024.jpg,indoor_0323.jpg,indoor_0491.jpg,pasadena_IMG_0153.jpg,indoor_0309.jpg,indoor_0045.jpg,IMG_2438.jpg,indoor_0342.jpg,indoor_0416.jpg,room30.jpg,cimg2046.jpg,b3.jpg,pittsburgh_IMG_4080.jpg,room322.jpg,img_0029.jpg,itoiletpaper.jpg,int17.jpg,IMG_1252.jpg,bath181.jpg,indoor_0324.jpg,indoor_0279.jpg,b12.jpg,indoor_0399.jpg,int483.jpg,indoor_0458.jpg,bathroom2.jpg,b11.jpg,img_0646.jpg,IMG_3270.jpg,IMG_4832.jpg,b7.jpg,IMG_3701.jpg,b6.jpg,IMG_0073.jpg,room432.jpg,pasadena_IMG_0154.jpg,bath244.jpg,bath98.jpg,indoor_0364.jpg,p8270261.jpg,cdmc1088.jpg,IMG_1085.jpg,room267.jpg,IMG_1005.jpg,indoor_0124.jpg,indoor_0242.jpg,indoor_0065.jpg,indoor_0452.jpg,indoor_0034.jpg,room318.jpg,pittsburgh_IMG_4083.jpg,indoor_0433.jpg,indoor_0493.jpg,IMG_0999.jpg,,,,,,,,,,,,,,,,,,,,,,,,,,,,,,,,,,,,,,,,,,,,,,,,,,,,,,,,,,,,,,,,,,,,,,,,,,,,,,,,,,,,,,,,,,,,,,,,,,,,,,,,,,,,,,,,,,,,,,,,,,,,,,,,,,,,,,,,,,,,,,,,,,,,,,,,,,,,,,,,,,,,,,,,,,,,,,,,,,,,,,,,,,,,,,,,,,,,,,,,,,,,,,,,,,,,,,,,,,,,,,,,,,,,,,,,,,,,,,,,,,,,,,,,,,,,,,,,,,,,,,,,,,,,,,,,,,,,,,,,,,,,,,,,,,,,,,,,,,,,,,,,,,,,,,,,,,,,,,,,,,,,,,,,,,,,,,,,,,,,,,,,,,,,,,,,,,,,,,,,,,,,,,,,,,,,,,,,,,,,,,,,,,,,,,,,,,,,,,,,,,,,,,,,,,,,,,,,,,,,,,,,,,,,,,
18,church_inside,kirche5.jpg,kirche11.jpg,metropolitana_14_19_flickr.jpg,oberkirche01.jpg,Kirche_RK_0022.jpg,FreeFoto_castle_30_36.jpg,metropolitana_69_04_flickr.jpg,innenansicht_kirche.jpg,KaGrou2.jpg,blasii_kirche_nordhausen.jpg,brenac01_eglise02.jpg,Chauvigny_Collegiale_Saint_Piere_IMG_4982.jpg,Presbyterian_Church_Alameda_CA_interior.jpg,Greenfield_Area_Presbyterian_Church_interior.jpg,metropolitana_03_02_flickr.jpg,107_0781Wittenberg_Inside_SchlossKirche_1.jpg,The_organ_of_St_Josephs_Kirche_sized.jpg,St_Ann_s_Church_003.jpg,KircheMariannhillInnen.jpg,0706eglise_lg.jpg,kirche_mogelsberg.jpg,metropolitana_09_16_flickr.jpg,friedrichswerdersche_kirche_eglise_friedrichswerder_03a.jpg,metropolitana_32_19_altavista.jpg,Kirche_Lenggries.jpg,kirche76.jpg,klimmach_kirche_innen_von_empore_g.jpg,kilian2.jpg,pantry_55_13_flickr.jpg,churchinterior03.jpg,malbis_church_altar_big.jpg,friedrichswerdersche_kirche_eglise_friedrichswerder_02.jpg,HDRInderKirche_l.jpg,prty3dfhxo3.jpg,Iglesia_de_Glew.jpg,metropolitana_74_13_flickr.jpg,597086.jpg,metropolitana_97_12_flickr.jpg,Kirche_Cyrhla_1068.jpg,pantry_121_08_flickr.jpg,underground_55_06_flickr.jpg,metropolitana_160_23_flickr.jpg,3810071_l.jpg,url_1.jpg,betischurch_interior.jpg,kirche_ubstadt_i.jpg,Kirche_Mittelgang.jpg,metropolitana_83_13_flickr.jpg,Church_Interior.jpg,Abbaye_Royale_de_Fontevraud_IMG_5387.jpg,kirche_01.jpg,030312_09_iglesia_san_lorenzo_interior.jpg,Wand_Kreuz35_Kirche_innen.jpg,806073.jpg,metropolitana_81_03_flickr.jpg,pantry_57_17_flickr.jpg,2054074790031860892lbuUCO_ph.jpg,casa_kirche_56tz.jpg,FreeFoto_castle_26_8.jpg,Church_interior_1_.jpg,Poitiers_Palais_IMG_4896.jpg,fz7kirche1my5.jpg,pantry_120_08_flickr.jpg,pantry_58_20_flickr.jpg,St_Germain_des_Pr_s_autel.jpg,metropolitana_136_23_flickr.jpg,hottinger_kirche_neu_innen.jpg,A_museum_kirche_franken_20070515174824.jpg,Kirche45.jpg,metropolitana_115_18_flickr.jpg,1347447925_425d67a816.jpg,friedrichswerdersche_kirche_eglise_friedrichswerder_00.jpg,Westminster_Presbyterian_Church_Interior.jpg,methodist_june04_02s.jpg,RTEmagicC_Bild_kirche.jpg,metropolitana_116_22_flickr.jpg,Kirche_St_Salvator_3972.jpg,Kirche_RK_0028.jpg,CatholicChurchInteriorCapeMayNJ.jpg,metropolitana_41_08_flickr.jpg,144952333.jpg,metropolitana_149_08_flickr.jpg,Columb_Eglise_int1.jpg,metropolitana_102_20_flickr.jpg,iglesia2.jpg,Kirche1.jpg,IglesiaDeLaMercedBurgos.jpg,metropolitana_151_07_flickr.jpg,kirche_rueckansicht.jpg,metropolitana_123_07_flickr.jpg,_wsb_534x461_Kirche_innen_2.jpg,metropolitana_128_09_flickr.jpg,Poitiers_St_Peters_Cathedral_IMG_4756.jpg,Iglesia_del_Carmen.jpg,metropolitana_60_02_flickr.jpg,metropolitana_137_03_flickr.jpg,metropolitana_147_01_flickr.jpg,metropolitana_70_14_flickr.jpg,38291.jpg,churchinside.jpg,churchinside01.jpg,metropolitana_100_10_flickr.jpg,metropolitana_70_12_flickr.jpg,EglisePC1.jpg,church15_1.jpg,Interieur_Gris.jpg,metropolitana_164_14_flickr.jpg,Eglise_Louise_4_jpg_72d14.jpg,metropolitana_75_05_flickr.jpg,metropolitana_99_01_flickr.jpg,33ChurchInterior.jpg,CH_Horgen_RefKirche.jpg,metropolitana_68_11_flickr.jpg,4_9rieur_Le_Raincy_France_2007_interior.jpg,metropolitana_59_23_flickr.jpg,kirche_1.jpg,88012.jpg,Inside_a_large_church_Vienna.jpg,steinh2.jpg,chiemsee_fraueninsel_kircheP9175239_gross.jpg,as_kirche.jpg,kirche_st_mauritius_02.jpg,buda_eglise_1.jpg,ph_eglise_Saint_Nom_de_Jesus.jpg,church234567.jpg,Kirche_Mitterdorf_0050_web.jpg,Random_church_interior.jpg,metropolitana_156_23_flickr.jpg,pantry_120_09_flickr.jpg,metropolitana_31_10_flickr.jpg,243088.jpg,1348333936_c97997d450.jpg,metropolitana_155_12_flickr.jpg,kirche_innen.jpg,metropolitana_123_11_flickr.jpg,kirche_uebergang.jpg,herisau_ref_kirche.jpg,kirche-innen.jpg,metropolitana_19_23_flickr.jpg,kirche_sao_lourenco_almancil.jpg,283421883_0a184e7b4d.jpg,metropolitana_79_07_flickr.jpg,metropolitana_71_22_flickr.jpg,churchinterior02.jpg,,,,,,,,,,,,,,,,,,,,,,,,,,,,,,,,,,,,,,,,,,,,,,,,,,,,,,,,,,,,,,,,,,,,,,,,,,,,,,,,,,,,,,,,,,,,,,,,,,,,,,,,,,,,,,,,,,,,,,,,,,,,,,,,,,,,,,,,,,,,,,,,,,,,,,,,,,,,,,,,,,,,,,,,,,,,,,,,,,,,,,,,,,,,,,,,,,,,,,,,,,,,,,,,,,,,,,,,,,,,,,,,,,,,,,,,,,,,,,,,,,,,,,,,,,,,,,,,,,,,,,,,,,,,,,,,,,,,,,,,,,,,,,,,,,,,,,,,,,,,,,,,,,,,,,,,,,,,,,,,,,,,,,,,,,,,,,,,,,,,,,,,,,,,,,,,,,,,,,,,,,,,,,,,,,,,,,,,,,,,,,,,,,,,,,,,,,,,,,,,,,,,,,,,,,,,,,,,,,,,,,,,,,,,,,,,,,,,,,,,,,,
19,poolinside,room175.jpg,pool_inside_47_01_altavista.jpg,schwimmbad221.jpg,pool_inside_09_06_altavista.jpg,pool_inside_46_08_altavista.jpg,69214_1.jpg,piscina_cubierta_11_07_altavista.jpg,piscina_cubierta_02_13_altavista.jpg,IMG_1774.jpg,2141886.jpg,your_pool.jpg,RMC_Pool_picture_main_pool.jpg,piscine299.jpg,swimming_pool_4567.jpg,piscine_interieudfe.jpg,apartment_schwimmbad.jpg,piscina_cubierta_10_11_altavista.jpg,conservatory_pool_inside_view.jpg,pool_inside_37_07_altavista.jpg,piscine_interieure_1.jpg,connolly_center_pool_inside_lg.jpg,buddysbi.jpg,pool_inside_05_06_altavista.jpg,piscina_cubierta_01_02_altavista.jpg,t_pool.jpg,Schwimmbad1.jpg,piscina_cubierta_07_05_altavista.jpg,0310_piscines_9.jpg,schwimmbad_2.jpg,jacousie.jpg,piscina_cubierta_01_01_flickr.jpg,nng_images.jpg,01_inside_heated_pool.jpg,141821195_M.jpg,47220_pool_mtn_patio_view2.jpg,Inside-Pool.jpg,piscina_cubierta_06_18_altavista.jpg,piscine_interieureee.jpg,spa_480x320.jpg,pool_inside_31_06_altavista.jpg,piscina_cubierta_03_04_altavista.jpg,inside_romney.jpg,piscine_interieurer.jpg,piscina_cubierta_02_02_altavista.jpg,pool_inside_24_13_altavista.jpg,g_pool_1.jpg,pool_inside_15_13_altavista.jpg,pool_inside_04_11_altavista.jpg,piscine2.jpg,pool876.jpg,04spa.jpg,piscina_cubierta_03_12_altavista.jpg,augusta_spa_swimming_pool_inside.jpg,Schwimmbad11112212.jpg,piscina_cubierta_01_14_altavista.jpg,piscine_couverte.jpg,piscina_cubierta_07_07_altavista.jpg,insidePool.jpg,022506D.jpg,catalogue_piscine_interieur.jpg,schwimmbad003.jpg,pool_inside_06_10_altavista.jpg,12_t1_H_S_Pool_Inside.jpg,Pool_inside52.jpg,Pool_inside_birdcage_1641Pas2202.jpg,Schwimmbad22.jpg,piscina_cubierta_06_04_altavista.jpg,schwimmbad333.jpg,pool_inside_36_06_altavista.jpg,pool_inside_16_03_altavista.jpg,pool_inside_08_07_altavista.jpg,pool_inside_07_16_altavista.jpg,piscina_cubierta_12_11_altavista.jpg,schwimmbad_1.jpg,piscina_cubierta_06_10_altavista.jpg,pool_inside_26_11_altavista.jpg,piscina_cubierta_09_01_altavista.jpg,piscina_cubierta_03_03_altavista.jpg,LOU_HURS_pooli_1.jpg,piscina_cubierta_09_16_altavista.jpg,0310_piscines_10.jpg,Branzez_new_bazen2a.jpg,Piscine_2.jpg,N190005.jpg,Augusta_Hissar_3_pool_inside.jpg,piscina_cubierta_02_18_altavista.jpg,room153.jpg,pool_inside_29_19_altavista.jpg,pool_inside_19_13_altavista.jpg,059088D.jpg,0310_piscines_1.jpg,lignon_piscine.jpg,POOL_INSIDE300.jpg,piscina_cubierta_11_11_altavista.jpg,pool_inside_18_08_altavista.jpg,piscina_nott1.jpg,piscine_interieur_3.jpg,pool_inside_16_02_altavista.jpg,photo_spa_buddhabarevian.jpg,0310_piscines_7.jpg,piscina_cubierta_07_19_altavista.jpg,piscina_cubierta_11_18_altavista.jpg,pool_inside_12_14_altavista.jpg,room154.jpg,room239.jpg,pool_inside_01_14_altavista.jpg,pool_inside_25_20_altavista.jpg,inside_pool.jpg,pool_inside.jpg,room146.jpg,0310_piscines_6.jpg,burj_al_arab_dubai_hotel_sail_arab_emirates_spa_pool.jpg,pool_inside_05_19_altavista.jpg,piscina_cubierta_07_10_altavista.jpg,pool_inside_02_03_altavista.jpg,poolMain.jpg,1996_Pool.jpg,piscina_cubierta_07_03_altavista.jpg,Schwimmbad_badestube.jpg,pool09.jpg,piscina_cubierta_04_14_altavista.jpg,inside_pool_and_hot_tub.jpg,pool_inside_26_10_altavista.jpg,pool_inside_16_18_altavista.jpg,phil3.jpg,schwimmbad11_2.jpg,piscina_cubierta_05_06_altavista.jpg,Schwimmbad66_png.jpg,Pool_Inside_Out.jpg,Piscine_avec_Jet.jpg,17429_1_Pool7Inside.jpg,piscina_cubierta_10_12_altavista.jpg,room157.jpg,1637_7502M.jpg,pool_inside_01_17_altavista.jpg,pool_inside_04_04_altavista.jpg,0310_piscines_8.jpg,pool_inside_23_18_altavista.jpg,piscina_cubierta_08_07_altavista.jpg,,,,,,,,,,,,,,,,,,,,,,,,,,,,,,,,,,,,,,,,,,,,,,,,,,,,,,,,,,,,,,,,,,,,,,,,,,,,,,,,,,,,,,,,,,,,,,,,,,,,,,,,,,,,,,,,,,,,,,,,,,,,,,,,,,,,,,,,,,,,,,,,,,,,,,,,,,,,,,,,,,,,,,,,,,,,,,,,,,,,,,,,,,,,,,,,,,,,,,,,,,,,,,,,,,,,,,,,,,,,,,,,,,,,,,,,,,,,,,,,,,,,,,,,,,,,,,,,,,,,,,,,,,,,,,,,,,,,,,,,,,,,,,,,,,,,,,,,,,,,,,,,,,,,,,,,,,,,,,,,,,,,,,,,,,,,,,,,,,,,,,,,,,,,,,,,,,,,,,,,,,,,,,,,,,,,,,,,,,,,,,,,,,,,,,,,,,,,,,,,,,,,,,,,,,,,,,,,,,,,,,,,,,,,,,,,,,,,,,,,,,,,,,,,
