,0,1,2,3,4,5,6,7,8,9,10,11,12,13,14,15,16,17,18,19,20,21,22,23,24,25,26,27,28,29,30,31,32,33,34,35,36,37,38,39,40,41,42,43,44,45,46,47,48,49,50,51,52,53,54,55,56,57,58,59,60,61,62,63,64,65,66,67,68,69,70,71,72,73,74,75,76,77,78,79,80,81,82,83,84,85,86,87,88,89,90,91,92,93,94,95,96,97,98,99,100,101,102,103,104,105,106,107,108,109,110,111,112,113,114,115,116,117,118,119,120,121,122,123,124,125,126,127,128,129,130,131,132,133,134,135,136,137,138,139,140,141,142,143,144,145,146
mall,mall10.jpg,mall40.jpg,791.jpg,img_7920_kyoto_eki_escalators_112.jpg,galleria.jpg,laurel_mall_06.jpg,_69D9FF75_39DD_4F94_9FF4_6F01F5798173_.jpg,mall1.jpg,2038935077_84f209ff2b.jpg,deira_city_centre_dubai_08.jpg,p135864_San_Diego_Horton_Plaza.jpg,KUL_Kuala_Lumpur_Suria_KLCC_Shopping_Centre_interior_by_night_b.jpg,mall35.jpg,West_End_Mall_3_DSC01801_m.jpg,room204.jpg,mall47.jpg,ins43.jpg,mall22.jpg,mall_of_the_emirates.jpg,crocker_galleria_735089.jpg,CP67791.jpg,img_7908_kyoto_eki_center_109.jpg,mall42.jpg,mall31.jpg,ins24.jpg,p282857_Dsseldorf_Shopping_Mall.jpg,galleria_san_federico_nr_109_2_n1.jpg,abasto_mall.jpg,mall27.jpg,hillsdale_mall_4.jpg,consumer1.jpg,alamanda.jpg,galleria_vittorio_emanuele_ii_milan_mlgalar.jpg,ins33.jpg,mall26.jpg,800px_Ueno_station_shopping_mall.jpg,,,,,,,,,,,,,,,,,,,,,,,,,,,,,,,,,,,,,,,,,,,,,,,,,,,,,,,,,,,,,,,,,,,,,,,,,,,,,,,,,,,,,,,,,,,,,,,,,,,,,,,,,,,,,,,
studiomusic,estudioA07.jpg,djban_estudio_musical.jpg,control1.jpg,control_console_right_1.jpg,studio_pic_for_website.jpg,STUDIO.jpg,estudioB01.jpg,datos_adjuntos.jpg,ctr_scaled.jpg,DCOM_Music_lg_nws_2164_5043.jpg,MusicStudio.jpg,Pegnotti_estudio_River.jpg,4683183.jpg,studio16.jpg,trabajo_238115785.jpg,estudio03.jpg,int805.jpg,pic2.jpg,labb.jpg,rspixstudio1.jpg,Estudio_Musica_1.jpg,music-studio.jpg,,,,,,,,,,,,,,,,,,,,,,,,,,,,,,,,,,,,,,,,,,,,,,,,,,,,,,,,,,,,,,,,,,,,,,,,,,,,,,,,,,,,,,,,,,,,,,,,,,,,,,,,,,,,,,,,,,,,,,,,,,,,,
bar,bar_0587.jpg,bar_0581.jpg,bar_0495.jpg,bar_0080.jpg,bar_0276.jpg,bar_0262.jpg,bar_0257.jpg,bar_0135.jpg,bar_0307.jpg,bar_0336.jpg,bar_0153.jpg,bar_0422.jpg,bar_0004.jpg,bar_0492.jpg,bar_0200.jpg,bar_0156.jpg,bar_0216.jpg,bar_0134.jpg,bar_0237.jpg,bar_0125.jpg,bar_0215.jpg,bar_0106.jpg,bar_0126.jpg,bar_0197.jpg,bar_0020.jpg,bar_0217.jpg,bar_0527.jpg,bar_0220.jpg,bar_0434.jpg,bar_0144.jpg,bar_0202.jpg,bar_0260.jpg,bar_0331.jpg,bar_0367.jpg,bar_0275.jpg,bar_0083.jpg,bar_0389.jpg,bar_0114.jpg,bar_0314.jpg,bar_0174.jpg,bar_0255.jpg,bar_0428.jpg,bar_0371.jpg,bar_0015.jpg,bar_0308.jpg,bar_0065.jpg,bar_0121.jpg,bar_0073.jpg,bar_0458.jpg,bar_0063.jpg,bar_0050.jpg,bar_0038.jpg,bar_0035.jpg,bar_0342.jpg,bar_0475.jpg,bar_0298.jpg,bar_0483.jpg,bar_0353.jpg,bar_0536.jpg,bar_0435.jpg,bar_0526.jpg,bar_0334.jpg,bar_0413.jpg,bar_0542.jpg,bar_0196.jpg,bar_0024.jpg,bar_0509.jpg,bar_0363.jpg,bar_0459.jpg,bar_0388.jpg,bar_0591.jpg,bar_0497.jpg,bar_0549.jpg,bar_0115.jpg,bar_0419.jpg,bar_0204.jpg,bar_0030.jpg,bar_0148.jpg,bar_0296.jpg,bar_0131.jpg,bar_0407.jpg,bar_0239.jpg,bar_0253.jpg,bar_0097.jpg,bar_0464.jpg,bar_0105.jpg,bar_0438.jpg,bar_0047.jpg,bar_0236.jpg,bar_0333.jpg,bar_0394.jpg,bar_0285.jpg,bar_0597.jpg,bar_0466.jpg,bar_0163.jpg,bar_0398.jpg,bar_0222.jpg,bar_0214.jpg,bar_0155.jpg,bar_0230.jpg,bar_0384.jpg,bar_0595.jpg,bar_0210.jpg,bar_0269.jpg,bar_0341.jpg,bar_0315.jpg,bar_0393.jpg,bar_0359.jpg,bar_0578.jpg,bar_0570.jpg,bar_0426.jpg,bar_0487.jpg,bar_0330.jpg,bar_0432.jpg,bar_0575.jpg,bar_0344.jpg,bar_0008.jpg,bar_0186.jpg,bar_0603.jpg,bar_0316.jpg,bar_0565.jpg,,,,,,,,,,,,,,,,,,,,,,,,,,
laundromat,lavanderia_68_10_flickr.jpg,llgwashers.jpg,laundry_2.jpg,lavanderia_99_01_flickr.jpg,wc2.jpg,df_11_0.jpg,lavanderia_47_12_flickr.jpg,PO_06_02_2000_70_l.jpg,lavanderia_52_23_flickr.jpg,lavanderia_53_13_flickr.jpg,AT_04_01_6001_07_l.jpg,laundromat122.jpg,laverie33.jpg,lavanderia_74_06_flickr.jpg,lavanderia_25_07_flickr.jpg,ins5.jpg,A1_gif.jpg,lavanderia_03_20_flickr.jpg,008_laundry_fullsize.jpg,lavanderia_107_04_flickr.jpg,15052008085.jpg,lavanderia_16_06_flickr.jpg,AT_05_02_2000_81_l.jpg,PB_99_4_7760_35A_l.jpg,lavanderia01.jpg,STH70076.jpg,2067f.jpg,palatestphoto2.jpg,laundromat_shark_perspectiv.jpg,4513626754.jpg,laundry_room_area.jpg,lavanderia_01_01_altavista.jpg,DSC03063.jpg,DSCN6383.jpg,lavanderia_74_14_flickr.jpg,VA_05_03_8000_51_l.jpg,3349laundromat_01.jpg,kachel08.jpg,laundryroom01.jpg,maschine_gross.jpg,lavanderia_42_16_flickr.jpg,Copy_2_of_UNIONTOWN_LAUNDROMAT_005_1_.jpg,c1_laundromat_1024.jpg,laundry_room_SHNS.jpg,wash_happenin_mod.jpg,West_Equip.jpg,palaundry.jpg,laundromat1222.jpg,PICT0010.jpg,blanchisserie_1_1.jpg,lavanderia_74_21_flickr.jpg,alex_winch8.jpg,lavanderia_03_09_flickr.jpg,Laundry_Room_Edens1A.jpg,lavanderia_54_11_flickr.jpg,17_Laundry_Room.jpg,,,,,,,,,,,,,,,,,,,,,,,,,,,,,,,,,,,,,,,,,,,,,,,,,,,,,,,,,,,,,,,,,,,,,,,,,,,,,,,,,,,,,,,,,,,
waitingroom,waiting_room_41_04_altavista.jpg,WebsiteWaitingRoom.jpg,patient_waiting_room.jpg,bookstore_sittingarea.jpg,sala_de_espera_23_06_altavista.jpg,be158920.jpg,waiting_room236.jpg,waiting_room_39_03_altavista.jpg,Waiting_Room_sm.jpg,Waiting_Room_1.jpg,BATH06.jpg,waiting_room_large.jpg,surroundings1_large.jpg,salat2.jpg,sLobby23.jpg,waitingroom.jpg,deco5_png.jpg,CTU_waiting_room.jpg,waiting_room_28_18_altavista.jpg,icu_waiting_room_1.jpg,7.jpg,sala_de_espera_03_14_altavista.jpg,waiting_room_32_20_altavista.jpg,640_Waiting_Room.jpg,sala_de_espera_02_17_altavista.jpg,waiting_room_23_02_altavista.jpg,salle_attente3.jpg,Greatclips_wait.jpg,waiting_room2.jpg,waiting_room_36_14_altavista.jpg,Waiting_Area.jpg,,,,,,,,,,,,,,,,,,,,,,,,,,,,,,,,,,,,,,,,,,,,,,,,,,,,,,,,,,,,,,,,,,,,,,,,,,,,,,,,,,,,,,,,,,,,,,,,,,,,,,,,,,,,,,,,,,,,
auditorium,auditorium8_1__119.jpg,presentation_20banque_20amphitheatre_1__164.jpg,baauditorium_1__140.jpg,baird_1__141.jpg,auditorium1zoom_1__107.jpg,amphi_p_1__82.jpg,g_5eauditorium_1__147.jpg,3195_auditorium_1__8.jpg,auditorium_lights_97.jpg,img_1211445319655_1__150.jpg,auditorium3_l_1__111.jpg,hulmehippodromeauditorium2_58.jpg,espace_du_centenaire_salle_de_conferences_spectacles_paris_12_auditorium_04_1__53.jpg,auditorium678_37.jpg,auditorium88_40.jpg,amphi05_1__78.jpg,b_mobilier_amphitheatre_1_1__138.jpg,orvishall_int_1__64.jpg,c54884a_19601d8_b_1__142.jpg,6a00d8341e38b153ef00e54f6a70a48834_500wi_1__15.jpg,9_auditorium_20balcony_20contemporary_20_the_20carlu__20.jpg,auditorium_17_1__42.jpg,auditorium_seating_2_31.jpg,global_millennium_prize_promotion_to_ricardo_palma_universitystudents_at_the_auditorium_df95e_1__55.jpg,auditorium1_106.jpg,ryman_auditorium_nashville_tn338_168.jpg,amphitheatre_cite_internationale_lyon_1__26.jpg,8194_megarama1_1__19.jpg,3_10_08auditorium2_1__7.jpg,518964327_72ac53c57a_o_1__13.jpg,auditorium2345_109.jpg,06salle_1__2.jpg,auditorium_2__122.jpg,grandauditorium_1__56.jpg,auditoriumherbauges_060042700_1223_28112007_1__137.jpg,photo_hill_auditorium_1_1__163.jpg,,,,,,,,,,,,,,,,,,,,,,,,,,,,,,,,,,,,,,,,,,,,,,,,,,,,,,,,,,,,,,,,,,,,,,,,,,,,,,,,,,,,,,,,,,,,,,,,,,,,,,,,,,,,,,,
warehouse,warehouse_0389.jpg,warehouse_0169.jpg,warehouse_0299.jpg,warehouse_0348.jpg,warehouse_0097.jpg,warehouse_0075.jpg,warehouse_0148.jpg,warehouse_0213.jpg,warehouse_0474.jpg,warehouse_0203.jpg,warehouse_0395.jpg,warehouse_0028.jpg,warehouse_0407.jpg,warehouse_0110.jpg,warehouse_0321.jpg,warehouse_0093.jpg,warehouse_0372.jpg,warehouse_0266.jpg,warehouse_0369.jpg,warehouse_0462.jpg,warehouse_0113.jpg,warehouse_0419.jpg,warehouse_0189.jpg,warehouse_0300.jpg,warehouse_0258.jpg,warehouse_0059.jpg,warehouse_0302.jpg,warehouse_0207.jpg,warehouse_0475.jpg,warehouse_0380.jpg,warehouse_0397.jpg,warehouse_0222.jpg,warehouse_0133.jpg,warehouse_0085.jpg,warehouse_0251.jpg,warehouse_0263.jpg,warehouse_0413.jpg,warehouse_0200.jpg,warehouse_0425.jpg,warehouse_0115.jpg,warehouse_0488.jpg,warehouse_0298.jpg,warehouse_0245.jpg,warehouse_0364.jpg,warehouse_0082.jpg,warehouse_0041.jpg,warehouse_0404.jpg,warehouse_0464.jpg,warehouse_0341.jpg,warehouse_0267.jpg,warehouse_0159.jpg,warehouse_0166.jpg,warehouse_0175.jpg,warehouse_0457.jpg,warehouse_0262.jpg,warehouse_0190.jpg,warehouse_0337.jpg,warehouse_0282.jpg,warehouse_0165.jpg,warehouse_0501.jpg,warehouse_0471.jpg,warehouse_0274.jpg,warehouse_0420.jpg,warehouse_0163.jpg,warehouse_0252.jpg,warehouse_0344.jpg,warehouse_0366.jpg,warehouse_0277.jpg,warehouse_0264.jpg,warehouse_0317.jpg,warehouse_0502.jpg,warehouse_0013.jpg,warehouse_0250.jpg,warehouse_0040.jpg,warehouse_0076.jpg,warehouse_0121.jpg,warehouse_0375.jpg,warehouse_0125.jpg,warehouse_0034.jpg,warehouse_0484.jpg,warehouse_0208.jpg,warehouse_0363.jpg,warehouse_0246.jpg,warehouse_0127.jpg,warehouse_0490.jpg,warehouse_0214.jpg,warehouse_0371.jpg,warehouse_0456.jpg,warehouse_0303.jpg,warehouse_0441.jpg,warehouse_0054.jpg,warehouse_0086.jpg,warehouse_0273.jpg,warehouse_0500.jpg,warehouse_0478.jpg,warehouse_0386.jpg,warehouse_0326.jpg,warehouse_0382.jpg,warehouse_0402.jpg,warehouse_0291.jpg,warehouse_0284.jpg,warehouse_0392.jpg,,,,,,,,,,,,,,,,,,,,,,,,,,,,,,,,,,,,,,,,,,,,,
lobby,Dolphin_01l_lobby_fountain.jpg,9dVestibule_2_After_.jpg,RenaissanceHotelAmsterdam_lobby.jpg,pinelakeLOBBY01large.jpg,lobby17.jpg,sLobby29.jpg,Lobbywithstatue.jpg,lobby5.jpg,hotelobby222.jpg,sLobby17.jpg,lobby34.jpg,Throne_Hall2.jpg,800px_DirkvdM_panama_hotel_lobby_1.jpg,rectorate_lobby.jpg,sLobby10.jpg,lobby47.jpg,vilnius_neringa_hotel_lobby.jpg,recibidor2.jpg,lobby25.jpg,savoy_int_vestibule.jpg,hotel_lobby_big.jpg,,,,,,,,,,,,,,,,,,,,,,,,,,,,,,,,,,,,,,,,,,,,,,,,,,,,,,,,,,,,,,,,,,,,,,,,,,,,,,,,,,,,,,,,,,,,,,,,,,,,,,,,,,,,,,,,,,,,,,,,,,,,,,
office,despacho2.jpg,despacho_medico_2.jpg,homeoff007.jpg,office6.jpg,img_0013.jpg,office17.jpg,homeoff003.jpg,office2.jpg,o5.jpg,office9.jpg,n457030.jpg,IMG_1527.jpg,img_0011.jpg,int230.jpg,office10.jpg,office8.jpg,homeoff009.jpg,office19.jpg,home_office.jpg,indoor_0148.jpg,00_17.jpg,ins26.jpg,,,,,,,,,,,,,,,,,,,,,,,,,,,,,,,,,,,,,,,,,,,,,,,,,,,,,,,,,,,,,,,,,,,,,,,,,,,,,,,,,,,,,,,,,,,,,,,,,,,,,,,,,,,,,,,,,,,,,,,,,,,,,
bedroom,room139.jpg,IMG_3274.jpg,indoor_0040.jpg,int550.jpg,bedroom5.jpg,D61.jpg,IMG_1246.jpg,int731.jpg,chambre22.jpg,int711.jpg,100_1414.jpg,pittsburgh_IMG_4087.jpg,indoor_0190.jpg,bed213.jpg,int177.jpg,int798.jpg,room151.jpg,indoor_0237.jpg,int621.jpg,indoor_0047.jpg,linama_014.jpg,ph_02_02_4677_13_l.jpg,OriginalWingRoom15_large.jpg,indoor_0057.jpg,pasadena_IMG_0151.jpg,indoor_0123.jpg,int750.jpg,int819.jpg,IMG_4830.jpg,IMG_2830.jpg,bedroom15.jpg,indoor_0245.jpg,bed27.jpg,int489.jpg,indoor_0431.jpg,bedroom2.jpg,int639.jpg,indoor_0553.jpg,indoor_0069.jpg,room155.jpg,indoor_0087.jpg,indoor_0167.jpg,IMG_3021.jpg,int185.jpg,int727.jpg,room37.jpg,img_1115.jpg,room358.jpg,VA-02-02-6304-05_l.jpg,int126.jpg,OR_02_04_0211_28_l.jpg,p1010272.jpg,int164.jpg,indoor_0139.jpg,int318.jpg,int632.jpg,indoor_0578.jpg,dscf0936.jpg,room162.jpg,indoor_0053.jpg,room33.jpg,int486.jpg,room409.jpg,indoor_0400.jpg,int644.jpg,indoor_0474.jpg,int703.jpg,smallsp026.jpg,indoor_0219.jpg,image_0011.jpg,int508.jpg,int263.jpg,int191.jpg,int646.jpg,b28.jpg,va_02_02_6304_05_l.jpg,int240.jpg,indoor_0020.jpg,room161.jpg,b19.jpg,b15.jpg,int642.jpg,IMG_1551.jpg,indoor_0322.jpg,int234.jpg,indoor_0085.jpg,roomscan7.jpg,image_0001.jpg,b17.jpg,int151.jpg,indoor_0487.jpg,indoor_0503.jpg,room145.jpg,indoor_0629.jpg,int217.jpg,dsc05905.jpg,room138.jpg,PH_02_04_4981_02_l.jpg,int109.jpg,int704.jpg,int41.jpg,indoor_0385.jpg,int545.jpg,int709.jpg,at_01_5a_1420_19_l.jpg,007330543b.jpg,indoor_0447.jpg,room35.jpg,indoor_0330.jpg,int694.jpg,cdMC1107.jpg,imagem_003.jpg,bed140.jpg,int302.jpg,int513.jpg,int311.jpg,IMG_2342.jpg,int274.jpg,indoor_0221.jpg,int139.jpg,roomscan31.jpg,int747.jpg,S03.jpg,IMG_2123.jpg,room284.jpg,indoor_0210.jpg,room301.jpg,int501.jpg,int321.jpg,pittsburgh_IMG_4079.jpg,int152.jpg,room108.jpg,D02m.jpg,,,,,,,,,,,,,,
deli,deli_42_14_altavista.jpg,deli_81_07_flickr.jpg,deli_119_19_flickr.jpg,deli_42_15_altavista.jpg,new_deli_37_03_altavista.jpg,deli_27_12_yahoo.jpg,deli_151_21_flickr.jpg,deli_103_19_flickr.jpg,deli_79_10_flickr.jpg,deli_165_16_flickr.jpg,deli_06_01_altavista.jpg,deli_105_13_flickr.jpg,deli_34_06_altavista.jpg,new_deli_06_17_altavista.jpg,deli_146_20_flickr.jpg,deli_34_21_flickr.jpg,deli_101_06_flickr.jpg,deli_129_10_flickr.jpg,deli_132_03_flickr.jpg,deli_67_03_flickr.jpg,deli_02_03_yahoo.jpg,deli_59_09_flickr.jpg,deli_103_14_flickr.jpg,new_deli_41_12_altavista.jpg,deli_45_23_flickr.jpg,deli_34_20_flickr.jpg,deli_82_08_flickr.jpg,deli_15_16_yahoo.jpg,deli_69_08_flickr.jpg,new_deli_40_11_altavista.jpg,deli_11_03_yahoo.jpg,deli_142_15_flickr.jpg,deli_111_17_flickr.jpg,deli_152_21_flickr.jpg,deli_11_04_yahoo.jpg,deli_30_20_altavista.jpg,deli_90_16_flickr.jpg,deli_110_20_flickr.jpg,deli_75_13_flickr.jpg,deli_109_11_flickr.jpg,deli_18_01_yahoo.jpg,deli_40_11_altavista.jpg,deli_04_13_altavista.jpg,deli_01_04_yahoo.jpg,new_deli_02_13_altavista.jpg,deli_08_12_yahoo.jpg,deli_14_16_yahoo.jpg,deli_33_14_altavista.jpg,deli_08_18_yahoo.jpg,deli_03_21_yahoo.jpg,new_deli_01_13_altavista.jpg,deli_131_15_flickr.jpg,,,,,,,,,,,,,,,,,,,,,,,,,,,,,,,,,,,,,,,,,,,,,,,,,,,,,,,,,,,,,,,,,,,,,,,,,,,,,,,,,,,,,,,,,,,,,,,
buffet,buffet87.jpg,food_table_3.jpg,central_buffet_inside.jpg,buffet678.jpg,133_3369_IMG.jpg,Buffet_Set_Up_2_gif.jpg,Sunday_Dinner.jpg,url.jpg,fffffda05b0b.jpg,322497200_a22d028e6f.jpg,buffet06.jpg,table_food_b5s.jpg,358396421_aa2d3f6f03.jpg,seafoodbuffet.jpg,137902351_6f2025ac9d.jpg,060926buffet_560.jpg,417654380_efa8dabfda.jpg,388037165_907e958a5c.jpg,450px_Houseparty_buffet.jpg,1684965730_e82d832010_b.jpg,food_large_dessert.jpg,buffet7013.jpg,buffet08.jpg,,,,,,,,,,,,,,,,,,,,,,,,,,,,,,,,,,,,,,,,,,,,,,,,,,,,,,,,,,,,,,,,,,,,,,,,,,,,,,,,,,,,,,,,,,,,,,,,,,,,,,,,,,,,,,,,,,,,,,,,,,,,
bookstore,bookstore_30_22_flickr.jpg,ins16.jpg,Libreria_09_17_altavista.jpg,Libreria_10_04_altavista.jpg,int5.jpg,Librairie_51_13_altavista.jpg,Librairie_47_10_altavista.jpg,index_librairie.jpg,Librairie_22_16_altavista.jpg,shanghai_pvg_bookstore.jpg,bookstore_01.jpg,librairie_gif.jpg,bookstore_41_04_altavista.jpg,bookstore_lg.jpg,bookstore_10_02_flickr.jpg,bookstore_31_03_flickr.jpg,Dsc00613_3.jpg,bookstore_43_08_flickr.jpg,Bild2a.jpg,bookstore_11_17_altavista.jpg,imageWorks_PX4SEs.jpg,librairie_Ermeton_sur_Biert_500_PIXELS.jpg,bookstore_32_12_altavista.jpg,bookstore_49_06_altavista.jpg,bookstore_49_08_flickr.jpg,ins17.jpg,bookstore_31_19_flickr.jpg,bookstore_27_04_flickr.jpg,bookstore_44_08_flickr.jpg,bookstore_57_16_flickr.jpg,librairie_wallonie_bruxelles_003.jpg,bookstore_36_02_flickr.jpg,an_1425_20070418122753.jpg,p1.jpg,4699_Boutique_train.jpg,bookstore_45_11_flickr.jpg,bookstore_10_07_altavista.jpg,Libreria_17_03_altavista.jpg,bookstore_144_20_flickr.jpg,Libreria_04_20_altavista.jpg,Librairie_43_20_altavista.jpg,Libreria_25_02_altavista.jpg,Libreria_15_07_altavista.jpg,bookstore_45_03_altavista.jpg,bookstore_01_15_flickr.jpg,bookstore_46_15_altavista.jpg,Libreria_16_17_altavista.jpg,Librairie_14_01_altavista.jpg,9f63b46ad67dbc0868afa77a45d339bb.jpg,bookstore_38_02_altavista.jpg,Librairie_39_02_altavista.jpg,Librairie_36_11_altavista.jpg,Librairie_01_13_altavista.jpg,Libreria_35_17_altavista.jpg,4703_Boutique_K_rylos.jpg,800px_Wil_Buchhandlung_3104.jpg,DSC00142.jpg,Libreria_10_19_altavista.jpg,bookstore_full.jpg,00114320c9df07c3329506.jpg,librairie_interieur.jpg,Libreria_03_09_altavista.jpg,Libreria_11_10_altavista.jpg,bookstore_01_18_altavista.jpg,Libreria_46_17_altavista.jpg,bookstore_19_03_flickr.jpg,bookstore_29_14_altavista.jpg,Libreria_10_18_altavista.jpg,Libreria_15_06_altavista.jpg,Libreria_27_16_altavista.jpg,bookstore_43_10_altavista.jpg,bookstore_02_14_altavista.jpg,bookstore_48_01_flickr.jpg,bookstore_21_07_altavista.jpg,Libreria_14_18_altavista.jpg,meura1.jpg,,,,,,,,,,,,,,,,,,,,,,,,,,,,,,,,,,,,,,,,,,,,,,,,,,,,,,,,,,,,,,,,,,,,,,,
locker_room,locker_room_google_0039.jpg,locker_room_google_0071.jpg,locker_room_google_0210.jpg,locker_room_google_0163.jpg,locker_room_google_0056.jpg,locker_room_google_0112.jpg,locker_room_google_0070.jpg,locker_room_google_0092.jpg,locker_room_google_0037.jpg,locker_room_google_0104.jpg,locker_room_google_0074.jpg,locker_room_google_0088.jpg,locker_room_google_0027.jpg,locker_room_google_0069.jpg,locker_room_google_0140.jpg,locker_room_google_0019.jpg,locker_room_google_0055.jpg,locker_room_google_0100.jpg,locker_room_google_0110.jpg,locker_room_google_0047.jpg,locker_room_google_0206.jpg,locker_room_google_0073.jpg,locker_room_google_0084.jpg,locker_room_google_0174.jpg,locker_room_google_0052.jpg,locker_room_google_0222.jpg,locker_room_google_0113.jpg,locker_room_google_0094.jpg,locker_room_google_0232.jpg,locker_room_google_0061.jpg,locker_room_google_0046.jpg,locker_room_google_0065.jpg,locker_room_google_0168.jpg,locker_room_google_0186.jpg,locker_room_google_0101.jpg,locker_room_google_0172.jpg,locker_room_google_0213.jpg,locker_room_google_0032.jpg,locker_room_google_0187.jpg,locker_room_google_0180.jpg,locker_room_google_0196.jpg,locker_room_google_0049.jpg,locker_room_google_0229.jpg,locker_room_google_0062.jpg,locker_room_google_0134.jpg,locker_room_google_0002.jpg,locker_room_google_0215.jpg,locker_room_google_0169.jpg,locker_room_google_0188.jpg,locker_room_google_0192.jpg,,,,,,,,,,,,,,,,,,,,,,,,,,,,,,,,,,,,,,,,,,,,,,,,,,,,,,,,,,,,,,,,,,,,,,,,,,,,,,,,,,,,,,,,,,,,,,,,,
greenhouse,04_06Greenhouse.jpg,serreyu.jpg,greenhouse_981.jpg,Greenhouse_2.jpg,site_estufa_03.jpg,greenhouse6789.jpg,greenhousey_2.jpg,site_estufa_02.jpg,greenhouse042.jpg,greenhouse2ln1.jpg,BA_Greenhouse.jpg,celosie_02.jpg,DSCF0009.jpg,spr2007_greenhouse_filling_up.jpg,invernadero_1.jpg,Riverview08.jpg,redwhite.jpg,serre.jpg,53_3.jpg,greenhouse2gtr.jpg,greenhouse_1.jpg,,,,,,,,,,,,,,,,,,,,,,,,,,,,,,,,,,,,,,,,,,,,,,,,,,,,,,,,,,,,,,,,,,,,,,,,,,,,,,,,,,,,,,,,,,,,,,,,,,,,,,,,,,,,,,,,,,,,,,,,,,,,,,
airport_inside,airport_inside_0115.jpg,airport_inside_0280.jpg,airport_inside_0104.jpg,airport_inside_0211.jpg,airport_inside_0215.jpg,airport_inside_0248.jpg,airport_inside_0533.jpg,airport_inside_0453.jpg,airport_inside_0356.jpg,airport_inside_0146.jpg,airport_inside_0385.jpg,airport_inside_0077.jpg,airport_inside_0106.jpg,airport_inside_0584.jpg,airport_inside_0310.jpg,airport_inside_0576.jpg,airport_inside_0301.jpg,airport_inside_0524.jpg,airport_inside_0025.jpg,airport_inside_0299.jpg,airport_inside_0200.jpg,airport_inside_0163.jpg,airport_inside_0264.jpg,airport_inside_0148.jpg,airport_inside_0567.jpg,airport_inside_0447.jpg,airport_inside_0526.jpg,airport_inside_0175.jpg,airport_inside_0318.jpg,airport_inside_0461.jpg,airport_inside_0287.jpg,airport_inside_0472.jpg,airport_inside_0336.jpg,airport_inside_0355.jpg,airport_inside_0181.jpg,airport_inside_0389.jpg,airport_inside_0166.jpg,airport_inside_0093.jpg,airport_inside_0442.jpg,airport_inside_0274.jpg,airport_inside_0549.jpg,airport_inside_0359.jpg,airport_inside_0157.jpg,airport_inside_0153.jpg,airport_inside_0129.jpg,airport_inside_0428.jpg,airport_inside_0525.jpg,airport_inside_0212.jpg,airport_inside_0197.jpg,airport_inside_0568.jpg,airport_inside_0117.jpg,airport_inside_0003.jpg,airport_inside_0328.jpg,airport_inside_0255.jpg,airport_inside_0031.jpg,airport_inside_0358.jpg,airport_inside_0047.jpg,airport_inside_0232.jpg,airport_inside_0082.jpg,airport_inside_0086.jpg,airport_inside_0075.jpg,airport_inside_0537.jpg,airport_inside_0062.jpg,airport_inside_0380.jpg,airport_inside_0041.jpg,airport_inside_0002.jpg,airport_inside_0162.jpg,airport_inside_0207.jpg,airport_inside_0571.jpg,airport_inside_0170.jpg,airport_inside_0591.jpg,airport_inside_0049.jpg,airport_inside_0308.jpg,airport_inside_0251.jpg,airport_inside_0559.jpg,airport_inside_0390.jpg,airport_inside_0085.jpg,airport_inside_0144.jpg,airport_inside_0577.jpg,airport_inside_0546.jpg,airport_inside_0370.jpg,airport_inside_0171.jpg,airport_inside_0599.jpg,airport_inside_0053.jpg,airport_inside_0502.jpg,airport_inside_0589.jpg,airport_inside_0296.jpg,airport_inside_0606.jpg,airport_inside_0332.jpg,airport_inside_0101.jpg,airport_inside_0269.jpg,airport_inside_0478.jpg,airport_inside_0491.jpg,airport_inside_0348.jpg,airport_inside_0121.jpg,airport_inside_0335.jpg,airport_inside_0126.jpg,airport_inside_0462.jpg,airport_inside_0322.jpg,airport_inside_0563.jpg,airport_inside_0026.jpg,airport_inside_0414.jpg,airport_inside_0254.jpg,airport_inside_0457.jpg,airport_inside_0598.jpg,airport_inside_0067.jpg,airport_inside_0392.jpg,airport_inside_0125.jpg,airport_inside_0064.jpg,airport_inside_0325.jpg,airport_inside_0365.jpg,airport_inside_0459.jpg,airport_inside_0291.jpg,airport_inside_0329.jpg,airport_inside_0551.jpg,airport_inside_0494.jpg,airport_inside_0342.jpg,airport_inside_0527.jpg,airport_inside_0406.jpg,airport_inside_0044.jpg,airport_inside_0030.jpg,airport_inside_0388.jpg,,,,,,,,,,,,,,,,,,,,,,,,,
hairsalon,salon_coiffeur.jpg,la_salon_de_coiffure_qui_te_ressemble_imagelarge.jpg,_peluqueria01_w_gra.jpg,Salon254.jpg,coiffure_1.jpg,radius_main_17Mar2008101648939000.jpg,accueil2.jpg,CarrollCountyHairSalonStaff.jpg,Picture_013.jpg,RAINBOW_view1.jpg,02ORBITEGR.jpg,15811af39acf40ff5a2ed4fe9308117e4ae64a_3.jpg,salon1.jpg,salon65.jpg,bonnet_coiffure2.jpg,beniajan02_grande.jpg,hairesalon1.jpg,innen1.jpg,amazone_coiffure_salon_4.jpg,62482A21_4B2E_487F_A984_54ECBB308C83.jpg,PeluqueriaIsabelJuezestilistas_foto2.jpg,salon44.jpg,L_UniversDeL_Hom_01_photo_AG.jpg,Hair_Salon_Greensboro_NC_27406_235115.jpg,peluqueria45.jpg,DVP4957863_P.jpg,BeautySalon.jpg,salon_coiffure_ca.jpg,11549402671.jpg,salon_1_09_06.jpg,387_photoCommerce_1.jpg,salon_drei_big.jpg,photo_odys_018_thumb_im1_1982.jpg,zoom_1_2131093.jpg,shop.jpg,2007_589.jpg,hair_total.jpg,1245495_1.jpg,img125712.jpg,11571232651.jpg,thumb.jpg,salon_page.jpg,salon_karin_pc080158.jpg,windor_hair_salon_189_380.jpg,salon_use.jpg,dscn2934.jpg,3.jpg,coiffure978.jpg,,,,,,,,,,,,,,,,,,,,,,,,,,,,,,,,,,,,,,,,,,,,,,,,,,,,,,,,,,,,,,,,,,,,,,,,,,,,,,,,,,,,,,,,,,,,,,,,,,,
bathroom,room316.jpg,n190042.jpg,IMG_3211.jpg,room299.jpg,dublin___apartamento___29_03_2007_006.jpg,IMG_3735.jpg,indoor_0566.jpg,IMG_1704.jpg,dsc01782a.jpg,IMG_2334.jpg,cdmc1117.jpg,p1020935.jpg,IMG_1313.jpg,IMG_2437.jpg,IMG_3272.jpg,p1010335.jpg,room357.jpg,bath26.jpg,IMG_1084.jpg,indoor_0258.jpg,bath.jpg,bath31.jpg,indoor_0407.jpg,IMG_5748.jpg,interior017.jpg,IMG_1341.jpg,IMG_3208.jpg,100_1412.jpg,indoor_0531.jpg,IMG_1701.jpg,IMG_1560.jpg,IMG_3736.jpg,room486.jpg,IMG_2335.jpg,img_2398.jpg,n190011.jpg,room471.jpg,indoor_0498.jpg,bath17.jpg,bath287.jpg,,,,,,,,,,,,,,,,,,,,,,,,,,,,,,,,,,,,,,,,,,,,,,,,,,,,,,,,,,,,,,,,,,,,,,,,,,,,,,,,,,,,,,,,,,,,,,,,,,,,,,,,,,,
church_inside,243069.jpg,DSC00525.jpg,metropolitana_42_03_flickr.jpg,metropolitana_151_16_flickr.jpg,Iguala_Iglesia.jpg,eglise_st_pierre_1893_full.jpg,metropolitana_36_18_flickr.jpg,292054.jpg,FreeFoto_castle_30_33.jpg,QuitoChurch.jpg,P1000169.jpg,kirche_innen_2.jpg,metropolitana_100_13_flickr.jpg,kirche_innenu.jpg,2166394829.jpg,Kirche_Weltenburg.jpg,friedrichswerdersche_kirche_eglise_friedrichswerder_03b.jpg,P0000231.jpg,metropolitana_134_02_flickr.jpg,kirche_stettfeld_i.jpg,st_anne_church_budapest_inside.jpg,HT_Church_Interior.jpg,kirche.jpg,KircheInnen1_1.jpg,007_Theatiner_Kirche_interior.jpg,mar_antonius_eglise.jpg,Poitiers_Church_of_Notre_Dame_de_la_Grande_IMG_4877.jpg,3_Le_Raincy_eglise_Notre_Dame_Vue_d_ensemble.jpg,111001.jpg,UniversityPresbyterian.jpg,metropolitana_152_14_flickr.jpg,4405_360x526_0_Belec_Belec_Georges_Kirche.jpg,metropolitana_115_15_flickr.jpg,metropolitana_147_16_flickr.jpg,eglise_hugo.jpg,church13.jpg,,,,,,,,,,,,,,,,,,,,,,,,,,,,,,,,,,,,,,,,,,,,,,,,,,,,,,,,,,,,,,,,,,,,,,,,,,,,,,,,,,,,,,,,,,,,,,,,,,,,,,,,,,,,,,,
poolinside,pool_inside_300_x_253_1_.jpg,room147.jpg,pool_inside_03_04_altavista.jpg,Lis_3.jpg,serv8_450.jpg,piscina_cubierta_02_19_altavista.jpg,Altenessen_Schwimmbad_B.jpg,30_x_50_Pool_Cover_Vertical_Inside_Shot.jpg,indooPool_Inside_gif.jpg,pool_inside_35_12_altavista.jpg,47220_pool_inside8.jpg,lidopool03.jpg,pool_inside_02_11_altavista.jpg,piscine_interieur_2.jpg,47220_pool_inside4.jpg,pool_inside1.jpg,pool_inside_04_20_altavista.jpg,piscina_cubierta_03_10_altavista.jpg,pool_inside_37_03_altavista.jpg,acc_piscineint_grand.jpg,pool_inside_06_14_altavista.jpg,OR_04_03_0005_23_l.jpg,piscine_interieur.jpg,pool_inside_38_05_altavista.jpg,room150.jpg,003_1b.jpg,swimming_pool_inside.jpg,piscina_cubierta_05_12_altavista.jpg,pool_inside_39_10_altavista.jpg,Pool_inside2_1.jpg,pool_inside_40_20_altavista.jpg,P1050218.jpg,pool_inside_08_05_altavista.jpg,schwimmen03_g.jpg,pool_inside_34_04_altavista.jpg,,,,,,,,,,,,,,,,,,,,,,,,,,,,,,,,,,,,,,,,,,,,,,,,,,,,,,,,,,,,,,,,,,,,,,,,,,,,,,,,,,,,,,,,,,,,,,,,,,,,,,,,,,,,,,,,
kindergarden,PreschoolClassroom1.jpg,upstairsroom.jpg,DSC000493.jpg,two2.jpg,classroom3.jpg,prek3.jpg,pre_school_015_137130855_std.jpg,lokilani_room_1.jpg,housekeeping_center_18202041_std.jpg,Preschool_Class.jpg,Kindergarten_classroom.jpg,preschool_chairs_2006_2.jpg,Preschool_Classroom45.jpg,lehuaroom.jpg,kindergarten_2.jpg,DSC000522.jpg,IMG_2325_t600.jpg,actvitycenterwacr.jpg,toddler.jpg,Toddler_room.jpg,DSC000512.jpg,100_0034.jpg,pre3.jpg,classroom12.jpg,toddler2.jpg,2Preschool.jpg,,,,,,,,,,,,,,,,,,,,,,,,,,,,,,,,,,,,,,,,,,,,,,,,,,,,,,,,,,,,,,,,,,,,,,,,,,,,,,,,,,,,,,,,,,,,,,,,,,,,,,,,,,,,,,,,,,,,,,,,,
classroom,classroom83.jpg,salle_de_classe67.jpg,214classroom.jpg,classroom3.jpg,classroom6.jpg,classroom10.jpg,classroom5.jpg,int116.jpg,classroom_001.jpg,int57.jpg,classroom2.jpg,position_room.jpg,fouarre_classroom_02.jpg,salle_classe2.jpg,classroom1176.jpg,IMG_2226.jpg,Pinas.jpg,img_0007.jpg,salle14.jpg,sala_convegni.jpg,sala_aula.jpg,scuola06_4.jpg,sala_de_aula.jpg,,,,,,,,,,,,,,,,,,,,,,,,,,,,,,,,,,,,,,,,,,,,,,,,,,,,,,,,,,,,,,,,,,,,,,,,,,,,,,,,,,,,,,,,,,,,,,,,,,,,,,,,,,,,,,,,,,,,,,,,,,,,
clothingstore,1470195165_8499fd04bf.jpg,boutique8.jpg,fly_boutique.jpg,Mvc_006f.jpg,dd_streets3.jpg,ClothingStore.jpg,Purple_Tulip_Boutique_Photo.jpg,marni_madrid_6.jpg,boutique.jpg,Paris_Boutique_Inside_Store.jpg,Boutique_Takenoko.jpg,86_Bookstore1.jpg,336110682_2e01b0f9be.jpg,STORE_032.jpg,Lulas_017_VG6D.jpg,michis_boutique.jpg,b0011.jpg,wares2.jpg,bookstore.jpg,Bookstore2.jpg,shop01.jpg,d0001.jpg,,,,,,,,,,,,,,,,,,,,,,,,,,,,,,,,,,,,,,,,,,,,,,,,,,,,,,,,,,,,,,,,,,,,,,,,,,,,,,,,,,,,,,,,,,,,,,,,,,,,,,,,,,,,,,,,,,,,,,,,,,,,,
toystore,toys_store_01_09_altavista.jpg,jugueteria_01_07_yahoo.jpg,speelgoed_66_02_flickr.jpg,jugueteria_24_06_flickr.jpg,a1_toystore3.jpg,CIMG3313.jpg,toys_store_51_04_altavista.jpg,tienda1.jpg,img_29916_t.jpg,Peluqueria_043.jpg,speelgoed_45_01_flickr.jpg,245006402_b27063dfcd.jpg,Spielzeug_167_11_flickr.jpg,262508526_93634b3c2c.jpg,Spielzeug_87_07_flickr.jpg,jugueteria_06_22_flickr.jpg,5.jpg,toys_store_45_17_altavista.jpg,speelgoed_68_08_flickr.jpg,jugueteria_15_13_flickr.jpg,Spielzeug_04_07_yahoo.jpg,speelgoed_54_22_flickr.jpg,photo44.jpg,Spielzeug_85_23_flickr.jpg,speelgoed_09_15_altavista.jpg,Spielzeug_21_21_flickr.jpg,1486958865_ba21d9acab.jpg,url4.jpg,QuienesSomos.jpg,toys_store_43_03_altavista.jpg,Spielzeug_15_13_yahoo.jpg,2610497_164b173c1b.jpg,Spielzeug_41_18_yahoo.jpg,Spielzeug_56_09_flickr.jpg,PICT0009.jpg,fotonuoven80_122.jpg,jugueteria_16_14_flickr.jpg,toys_store_03_18_altavista.jpg,speelgoed_36_11_altavista.jpg,toys_store_07_14_altavista.jpg,jugueteria_07_08_yahoo.jpg,speelgoed_46_10_flickr.jpg,juguete_con_plomo.jpg,toys_japan.jpg,jugueteria_22_14_flickr.jpg,50224341945f7e87bd1af8.jpg,jugueteria_24_03_flickr.jpg,jugueteria_17_01_flickr.jpg,jugueteria_21_06_flickr.jpg,keeling_market20.jpg,jugueteria_21_12_flickr.jpg,toys_store_14_14_altavista.jpg,toys_store_12_18_altavista.jpg,UMW_Rummage_Before_Boutique_with_dolls_780356.jpg,Spielzeug_75_04_flickr.jpg,jugueteria_05_03_flickr.jpg,1179833350_ee00fb9367.jpg,jugueteria_16_18_flickr.jpg,jugueteria_05_02_flickr.jpg,jugueteria_03_04_flickr.jpg,177.jpg,n10.jpg,jugueteria_18_13_flickr.jpg,jugueteria_04_07_yahoo.jpg,toys_store_27_18_altavista.jpg,jugueteria_15_10_flickr.jpg,toys_store_16_01_altavista.jpg,speelgoed_35_12_altavista.jpg,jugueteria_14_24_flickr.jpg,r_5.jpg,,,,,,,,,,,,,,,,,,,,,,,,,,,,,,,,,,,,,,,,,,,,,,,,,,,,,,,,,,,,,,,,,,,,,,,,,,,,,
laboratorywet,AA049672.jpg,laboratorio_quimica_07_05_altavista.jpg,wet_lab_16_03_altavista.jpg,wet_lab_06_11_altavista.jpg,wet_lab_34_05_altavista.jpg,wetlab.jpg,senior_wet_lab_1.jpg,wet_lab_08_05_altavista.jpg,wet_lab_27_14_altavista.jpg,wet_lab_48_07_altavista.jpg,wet_lab_30_15_altavista.jpg,laboratorio_quimica_07_06_altavista.jpg,laboratorio_quimica_10_01_altavista.jpg,laboratorio_quimica_01_13_altavista.jpg,wet_lab_10_15_altavista.jpg,laboratorio_quimica_17_20_altavista.jpg,Tissue_culture.jpg,laboratorio_quimica_03_03_altavista.jpg,laboratorio_quimica_07_04_altavista.jpg,laboratorio_quimica_14_14_altavista.jpg,wet_lab_2.jpg,laboratorio_quimica_14_04_altavista.jpg,wet_lab_03_19_altavista.jpg,Laboratory_1.jpg,peterfeinhood.jpg,,,,,,,,,,,,,,,,,,,,,,,,,,,,,,,,,,,,,,,,,,,,,,,,,,,,,,,,,,,,,,,,,,,,,,,,,,,,,,,,,,,,,,,,,,,,,,,,,,,,,,,,,,,,,,,,,,,,,,,,,,
corridor,mvc_043s.jpg,Entry_Corridor.jpg,c19.jpg,MW_Corridor_2.jpg,poof02.jpg,corridor22.jpg,c7.jpg,PH_02_02_4677_28_l.jpg,couloir_jour.jpg,CORRIDOR13.jpg,n190039.jpg,corridor01.jpg,Hotel_Corridor_2.jpg,Corridor15.jpg,Corridor_Boys_Schoolroom.jpg,room496.jpg,Empty_Hospital_Corridor.jpg,p1010068_c.jpg,hallway008.jpg,fnacc_corridor.jpg,CC_Corridor_thumb.jpg,7C_Bldg_corridor.jpg,pasillo3333.jpg,Corridor_of_Sixth_Teaching_Building.jpg,Lobby.jpg,Blue_Peach_Corridor.jpg,corridor02.jpg,020103_Commection_Corridor_D.jpg,NWC_Hallway.jpg,couloir_sized.jpg,07_palace_corridor.jpg,corridora3.jpg,quake_like_set.jpg,corridor04.jpg,corridor_at_area2_annexA_grnd_fl_r.jpg,hallway005.jpg,r_188.jpg,1L_10_Corridor_A.jpg,Castlereagh_corridor.jpg,c13.jpg,pasillo_edificio_escuela__480x640_c.jpg,hu_ghr_Rooms_corridor.jpg,aca_hall2.jpg,rush_corridor_with_gurney.jpg,p1010066_c.jpg,aa043606.jpg,pasillo_lorca.jpg,n457047.jpg,room507.jpg,c11.jpg,magasins.jpg,corridor93.jpg,IMG_8071.jpg,lobby48.jpg,room111.jpg,corridora5.jpg,img_0600.jpg,korridor.jpg,ins38.jpg,corridor1.jpg,Corridor_Upstairs.jpg,room497.jpg,sLobby24.jpg,hallway.jpg,hall3.jpg,5_1_02_Corridor_2.jpg,westkiosk_corridor.jpg,F_Corridor_and_Lving_Room.jpg,c2.jpg,p1010067_c.jpg,,,,,,,,,,,,,,,,,,,,,,,,,,,,,,,,,,,,,,,,,,,,,,,,,,,,,,,,,,,,,,,,,,,,,,,,,,,,,
artstudio,artist_studio_14_12_altavista.jpg,artist_studio_40_18_altavista.jpg,artist_studio_41_05_altavista.jpg,painters_studio_43_09_altavista.jpg,painters_studio_23_11_altavista.jpg,art_painting_studio_15_10_altavista.jpg,art_painting_studio_45_05_altavista.jpg,art_painting_studio_47_02_altavista.jpg,artist_studio_49_17_altavista.jpg,painters_studio_08_10_altavista.jpg,art_painting_studio_16_06_altavista.jpg,artist_studio_48_12_altavista.jpg,int12.jpg,painters_studio_24_13_altavista.jpg,estudio_de_pintor_02_07_altavista.jpg,painters_studio_02_15_altavista.jpg,art_painting_studio_38_15_altavista.jpg,art_painting_studio_32_17_altavista.jpg,painters_studio_14_05_altavista.jpg,art_painting_studio_31_09_altavista.jpg,art_painting_studio_36_06_altavista.jpg,painters_studio_29_02_altavista.jpg,artist_studio_05_18_altavista.jpg,artstudio.jpg,artist_studio_24_10_altavista.jpg,art_painting_studio_05_06_altavista.jpg,art_painting_studio_05_13_altavista.jpg,art_painting_studio_43_06_altavista.jpg,,,,,,,,,,,,,,,,,,,,,,,,,,,,,,,,,,,,,,,,,,,,,,,,,,,,,,,,,,,,,,,,,,,,,,,,,,,,,,,,,,,,,,,,,,,,,,,,,,,,,,,,,,,,,,,,,,,,,,,
florist,floristeria61.jpg,florist_26_19_altavista.jpg,floreria_05_01_flickr.jpg,Flower_shop_Kuala_Lumpur.jpg,44122_1.jpg,florist_02_06_altavista.jpg,floreria_02_13_flickr.jpg,floreria_04_22_flickr.jpg,florist_35_17_altavista.jpg,anaisflor480.jpg,florist_43_02_altavista.jpg,florist_40_04_altavista.jpg,floreria_08_21_flickr.jpg,florist_03_01_flickr.jpg,MVC_107S.jpg,florist_83_07_flickr.jpg,florist_59_21_flickr.jpg,florist_52_08_flickr.jpg,florist_40_12_altavista.jpg,floreria_10_03_flickr.jpg,florist_08_13_altavista.jpg,,,,,,,,,,,,,,,,,,,,,,,,,,,,,,,,,,,,,,,,,,,,,,,,,,,,,,,,,,,,,,,,,,,,,,,,,,,,,,,,,,,,,,,,,,,,,,,,,,,,,,,,,,,,,,,,,,,,,,,,,,,,,,
dining_room,dining023.jpg,dining006.jpg,dining004.jpg,dining015.jpg,dining3.jpg,dining38.jpg,easyst028.jpg,int369.jpg,salle_a_manger_jordane_big.jpg,d15.jpg,smallsp023.jpg,dining41.jpg,int227.jpg,N12.jpg,dining35.jpg,room503.jpg,d15b.jpg,int371.jpg,Dinning_room6.jpg,room514.jpg,d13.jpg,dining011.jpg,dolezal_KormanDiningRoom_e.jpg,kitchen052.jpg,salle a manger.jpg,salle_a_manger56.jpg,easyst016.jpg,int103.jpg,d5.jpg,roomscan41.jpg,d11.jpg,room4.jpg,S64.jpg,icoatrack.jpg,Dining4.jpg,dinning_room.jpg,Salle_a_manger.jpg,d1.jpg,dining_rm2.jpg,dining018.jpg,n15m.jpg,easyst001.jpg,dining036.jpg,00036_NiagaraFalls4.jpg,dining041.jpg,int294.jpg,dining9.jpg,d16.jpg,PO_06_03_3000_46_l.jpg,dining003.jpg,dining2.jpg,PH_02_01_5078_23_l.jpg,int548.jpg,VR_06_02_2000_35_l.jpg,salle_manger.jpg,,,,,,,,,,,,,,,,,,,,,,,,,,,,,,,,,,,,,,,,,,,,,,,,,,,,,,,,,,,,,,,,,,,,,,,,,,,,,,,,,,,,,,,,,,,,
dentaloffice,dentista_119_22_flickr.jpg,dental_office_08_12_altavista.jpg,img_op_room_bg.jpg,IMG_0087_1_.jpg,dentista_99_23_flickr.jpg,dentaire_27_16_altavista.jpg,dental_office_27_11_altavista.jpg,dentista_43_01_altavista.jpg,dentista_129_24_flickr.jpg,office3.jpg,dentista_128_15_flickr.jpg,dentista_38_21_flickr.jpg,dentista_74_06_flickr.jpg,1796458857_21fc169bd0.jpg,dentista_109_05_flickr.jpg,dentaire_11_13_flickr.jpg,dentista_125_05_flickr.jpg,dentista_oficina_01_07_flickr.jpg,dentista_70_19_flickr.jpg,1626665740_37aaacaff5.jpg,dentista_30_20_altavista.jpg,dental_office_01_04_altavista.jpg,dental_office_13_13_altavista.jpg,dentaloffice03.jpg,dental_office_11_12_altavista.jpg,dentista_40_17_flickr.jpg,dental_office_40_05_altavista.jpg,,,,,,,,,,,,,,,,,,,,,,,,,,,,,,,,,,,,,,,,,,,,,,,,,,,,,,,,,,,,,,,,,,,,,,,,,,,,,,,,,,,,,,,,,,,,,,,,,,,,,,,,,,,,,,,,,,,,,,,,
shoeshop,zapateria_03_20_flickr.jpg,shoes_shop_01_20_altavista.jpg,redwing.jpg,211519.jpg,75421584_9554abbb01.jpg,2201663658_3ae8af1eac.jpg,zapateria_02_22_flickr.jpg,3149_1_empresa1.jpg,zapateria_09_05_altavista.jpg,Zapateria_Argenteria.jpg,zapateria3.jpg,f339.jpg,2574_1914_DSCN2351.jpg,panel_zapatos.jpg,zapateria_26_20_flickr.jpg,zapateria_13_23_flickr.jpg,zapateria_25_17_flickr.jpg,zapateria_09_02_flickr.jpg,zapatos_tematica.jpg,zapateria_04_01_flickr.jpg,pht_mag_02.jpg,zapateria_08_09_flickr.jpg,zapateria_09_11_flickr.jpg,zapato_4.jpg,,,,,,,,,,,,,,,,,,,,,,,,,,,,,,,,,,,,,,,,,,,,,,,,,,,,,,,,,,,,,,,,,,,,,,,,,,,,,,,,,,,,,,,,,,,,,,,,,,,,,,,,,,,,,,,,,,,,,,,,,,,
nursery,baba7.jpg,nursery5.jpg,2008_08_05_abc_nursery.jpg,Chambre_Bebe_Babble_Circus.jpg,baby_room.jpg,baby_room_and_jenny_722549.jpg,care_bears_nursery.jpg,shakery_square.jpg,nurseries_hdivd604_i.jpg,img_202iew.jpg,crib.jpg,bali_nursery.jpg,amys_baby_room_lg.jpg,baby_room_011_738273.jpg,babyroom_1.jpg,img_nursery_planner.jpg,obrien_baby_room.jpg,babyroom.jpg,nursery2.jpg,hddsn111_nurseryafter_w609.jpg,baby_nursery.jpg,nursery_rhymes_wall_mural_main.jpg,000000.jpg,image001.jpg,313886124_6ed775cde1.jpg,babyroom5.jpg,0110a_524s.jpg,baby_room1.jpg,1662_z_1.jpg,,,,,,,,,,,,,,,,,,,,,,,,,,,,,,,,,,,,,,,,,,,,,,,,,,,,,,,,,,,,,,,,,,,,,,,,,,,,,,,,,,,,,,,,,,,,,,,,,,,,,,,,,,,,,,,,,,,,,,
livingroom,Den_small.jpg,AT_01_5A_1422_29_l.jpg,room372.jpg,indoor_0466.jpg,easyst022.jpg,c_salon26.jpg,indoor_0038.jpg,OR_02_01_0746_02_l.jpg,roomscan35.jpg,va_02_03_7115_16_l.jpg,int219.jpg,roomscan5.jpg,indoor_0597.jpg,familyroom97.jpg,N190083.jpg,int23.jpg,t_salon32.jpg,living23.jpg,salon23.jpg,D57.jpg,int588.jpg,room425.jpg,indoor_0326.jpg,VA_02_03_9773_22_l.jpg,room436.jpg,room479.jpg,int305.jpg,room412.jpg,LV_00_03_2846_27A_l.jpg,int49.jpg,int291.jpg,int114.jpg,room199.jpg,N06.jpg,S65.jpg,suite_living_room.jpg,int70.jpg,int599.jpg,N457089.jpg,c_salon35.jpg,t_living_room2.jpg,int690.jpg,family48.jpg,salon29.jpg,indoor_0157.jpg,WilsonRoom.jpg,VA_02_04_9771_16_l.jpg,smallsp024.jpg,room219.jpg,img_0049.jpg,cdMC1228.jpg,int879.jpg,easyst009.jpg,t_salon26.jpg,S63.jpg,room179.jpg,int817.jpg,LIVING10.jpg,salon28_gif.jpg,salon5.jpg,int256.jpg,S05.jpg,int714.jpg,hfys105_LivingRoomBefore_w609.jpg,gerona1.jpg,AT_01_6B_5475_03_l.jpg,Suite_2.jpg,int39.jpg,indoor_0228.jpg,LV_02_03_9561_02_l.jpg,indoor_0114.jpg,st_rabier6.jpg,easyst045.jpg,int28.jpg,lv_02_04_10917_04a_l.jpg,int791.jpg,room417.jpg,room500.jpg,room163.jpg,D07.jpg,room462.jpg,int779.jpg,fire44.jpg,indoor_0311.jpg,t_salon30.jpg,t_salon12.jpg,N190069.jpg,salon26.jpg,living2.jpg,room227.jpg,N190067.jpg,b_Living_Room.jpg,VA-02-01-6306-03_l.jpg,l12.jpg,OR_02_01_0743_16_l.jpg,LIVING8.jpg,family7.jpg,int884.jpg,roomscan30.jpg,room173.jpg,living22.jpg,c_Living_Room_2.jpg,int141.jpg,cdMC1114.jpg,int526.jpg,room459.jpg,LV_02_02_9711_31_l.jpg,N190073.jpg,family61.jpg,greatroom.jpg,salon18.jpg,room390.jpg,sala_2.jpg,at_00_01_8142_31a_l.jpg,book_living_room.jpg,l10.jpg,int845.jpg,1474255jhe16.jpg,N190084.jpg,N457046.jpg,living7.jpg,roomscan28.jpg,r_salon13.jpg,N190087.jpg,N07m.jpg,int624.jpg,int224.jpg,roomscan11.jpg,int523.jpg,graceland_piano_32_4.jpg,room392.jpg,room140.jpg,int753.jpg,salon36.jpg,room435.jpg,N457049.jpg,roomscan38.jpg,room210.jpg,int831.jpg,im1.jpg,b_living.jpg,D35.jpg,,,,,
prisoncell,1793365943_cc1f2e4d69.jpg,prison_cell_01_20_flickr.jpg,JailCells.jpg,JailCellII.jpg,prison_cell_08_19_altavista.jpg,prison_cell_05_11_altavista.jpg,prison-4.jpg,pariscellR_450x348.jpg,1_jail_cell.jpg,scrnewjailcell.jpg,415957860_b226b6b23e.jpg,prison_cell_22_19_altavista.jpg,JAIL4.jpg,policestationjailcell.jpg,cell0705.jpg,Carcel_Prision_Break.jpg,justice_7.jpg,scr_newjail1.jpg,7_Jail_Cells.jpg,Jail.jpg,7579543Cruise094.jpg,,,,,,,,,,,,,,,,,,,,,,,,,,,,,,,,,,,,,,,,,,,,,,,,,,,,,,,,,,,,,,,,,,,,,,,,,,,,,,,,,,,,,,,,,,,,,,,,,,,,,,,,,,,,,,,,,,,,,,,,,,,,,,
bakery,boulangerie_39_15_yahoo.jpg,bakery_21_02_yahoo.jpg,boulangerie_50_18_yahoo.jpg,bakery_01_14_yahoo.jpg,panaderia_45_18_altavista.jpg,boulangerie_44_07_yahoo.jpg,panaderia_49_18_yahoo.jpg,bakery_display_case.jpg,bakery_08_10_altavista.jpg,panaderia_40_18_yahoo.jpg,panaderia_04_15_yahoo.jpg,boulangerie_36_03_altavista.jpg,boulangerie_39_08_yahoo.jpg,panaderia_06_08_yahoo.jpg,panaderia_13_15_yahoo.jpg,boulangerie_06_21_yahoo.jpg,panaderia_41_02_altavista.jpg,bakery_13_17_yahoo.jpg,panaderia_36_14_yahoo.jpg,best_bakery_02_07_altavista.jpg,famous_bakery_01_17_altavista.jpg,boulangerie_01_08_yahoo.jpg,boulangerie_30_02_altavista.jpg,bakery_14_17_yahoo.jpg,boulangerie_08_03_yahoo.jpg,panaderia_05_09_yahoo.jpg,boulangerie_21_06_altavista.jpg,town_bakery_01_14_altavista.jpg,best_bakery_12_16_altavista.jpg,panaderia_28_08_altavista.jpg,boulangerie_48_07_yahoo.jpg,bakery_01_01_altavista.jpg,panaderia_35_01_yahoo.jpg,new_bakery_33_09_altavista.jpg,boulangerie_01_06_yahoo.jpg,panaderia_35_06_yahoo.jpg,new_bakery_07_08_altavista.jpg,Northfield.jpg,famous_bakery_06_16_altavista.jpg,bakery_01_09_altavista.jpg,panetteria_02_11_altavista.jpg,panaderia_28_05_yahoo.jpg,panaderia_32_12_yahoo.jpg,boulangerie_14_06_altavista.jpg,bakery_23_06_yahoo.jpg,bakery_03_04_yahoo.jpg,bakery_21_04_yahoo.jpg,bakery_07_18_yahoo.jpg,boulangerie_26_17_yahoo.jpg,boulangerie_32_06_yahoo.jpg,famous_bakery_18_07_altavista.jpg,bakery_05_11_yahoo.jpg,new_bakery_23_03_altavista.jpg,boulangerie_38_18_altavista.jpg,panaderia_09_18_altavista.jpg,panetteria_19_16_altavista.jpg,panaderia_32_11_yahoo.jpg,new_bakery_18_13_altavista.jpg,bakery_07_09_yahoo.jpg,bakery_19_10_yahoo.jpg,bakery_01_18_yahoo.jpg,boulangerie_33_11_yahoo.jpg,The_12_Bakery.jpg,asian_bakery.jpg,town_bakery_04_09_altavista.jpg,boulangerie_35_13_yahoo.jpg,boulangerie_47_14_altavista.jpg,boulangerie_43_10_yahoo.jpg,panaderia_17_11_yahoo.jpg,boulangerie_17_03_yahoo.jpg,bakery_02_14_yahoo.jpg,boulangerie_26_12_altavista.jpg,LepetitBakery.jpg,bakery_07_13_yahoo.jpg,boulangerie_36_01_altavista.jpg,panaderia_buenos_aires_01_11_altavista.jpg,boulangerie_17_13_yahoo.jpg,bakery_32_10_yahoo.jpg,panaderia_39_02_altavista.jpg,boulangerie_16_09_yahoo.jpg,bakery_22_03_yahoo.jpg,,,,,,,,,,,,,,,,,,,,,,,,,,,,,,,,,,,,,,,,,,,,,,,,,,,,,,,,,,,,,,,,,,
concert_hall,sydney_opera_house_concert_hall.jpg,luzerne.jpg,PAC_interior.jpg,e8708arial.jpg,11_19_2005_NGL_19opacHALL_GB61OCUJ6_1.jpg,W020070919331447037125.jpg,Music_Concert_Hall_3.jpg,Music_Concert_Hall_2.jpg,Concert_Hall2_1.jpg,Concert_Hall_color.jpg,allenroom.jpg,BeallHall.jpg,6.jpg,PetronasPhilharmonicConcertHall.jpg,eej_concert_hall.jpg,UMass_EX_3.jpg,interiorconcert02.jpg,grieghalle05.jpg,theater.jpg,csi.jpg,GrossesFsphs_gif.jpg,,,,,,,,,,,,,,,,,,,,,,,,,,,,,,,,,,,,,,,,,,,,,,,,,,,,,,,,,,,,,,,,,,,,,,,,,,,,,,,,,,,,,,,,,,,,,,,,,,,,,,,,,,,,,,,,,,,,,,,,,,,,,,
jewelleryshop,Joyeria_Madrid_4.jpg,Interior1.jpg,nbi_jewelry_store_22_.jpg,joyeros.jpg,vase2_55_.jpg,281208.jpg,joyeria_24_04_altavista.jpg,01.jpg,1202199587interior.jpg,5b_tesorini_9_.jpg,jewelryshowroom_41_.jpg,inside_18_.jpg,precious_jewelry_store01_43_.jpg,joyeria_01g.jpg,Interior_2.jpg,silver_jewellery_shop1.jpg,jewelry_store_39_.jpg,colonialjewlers5_33_.jpg,non_art_side_jewelry_store_9_23_.jpg,b102.jpg,photo_hpf_boutique_kobe.jpg,Interior_3.jpg,storephoto_53_.jpg,12907.jpg,img_9911_16_.jpg,us1_54_.jpg,jewelry_store_interior_design_751036_19_.jpg,joyeria_163_02_flickr.jpg,534g.jpg,interior.jpg,foto_joyeria.jpg,3.jpg,,,,,,,,,,,,,,,,,,,,,,,,,,,,,,,,,,,,,,,,,,,,,,,,,,,,,,,,,,,,,,,,,,,,,,,,,,,,,,,,,,,,,,,,,,,,,,,,,,,,,,,,,,,,,,,,,,,
inside_bus,inside_bus_088.jpg,inside_bus_017.jpg,inside_bus_002.jpg,inside_bus_082.jpg,inside_bus_098.jpg,inside_bus_093.jpg,inside_bus_007.jpg,inside_bus_016.jpg,inside_bus_031.jpg,inside_bus_013.jpg,inside_bus_064.jpg,inside_bus_085.jpg,inside_bus_071.jpg,inside_bus_034.jpg,inside_bus_091.jpg,inside_bus_029.jpg,inside_bus_063.jpg,inside_bus_045.jpg,inside_bus_079.jpg,inside_bus_005.jpg,inside_bus_094.jpg,,,,,,,,,,,,,,,,,,,,,,,,,,,,,,,,,,,,,,,,,,,,,,,,,,,,,,,,,,,,,,,,,,,,,,,,,,,,,,,,,,,,,,,,,,,,,,,,,,,,,,,,,,,,,,,,,,,,,,,,,,,,,,
children_room,AT_99_1_7839_22_l.jpg,hiemstra_011_19_.jpg,VA_05_02_8100_37_l.jpg,VR_06_02_2000_70_l.jpg,dscn0208_15_.jpg,90906stacysplayroomafter004_w300h225_9_.jpg,ft_playroom01_l_43_.jpg,playroom_000_66_.jpg,OR_99_4_4922_07A_l.jpg,playroom4500_64_.jpg,opt_playroom_tepee_47_.jpg,girlsplayroom_18_.jpg,dsc01584_13_.jpg,VA_05_20_0020_15_l.jpg,LV_04_04_0004_37_l.jpg,playroom20_59_.jpg,AT_98_3_945_14_l.jpg,our_house_043_48_.jpg,playroom_1_34_.jpg,021108_spasticroomjpg_1_.jpg,playroom_261100837_std_29_.jpg,as_playroom_40_.jpg,pippins_main_play_room_28_.jpg,,,,,,,,,,,,,,,,,,,,,,,,,,,,,,,,,,,,,,,,,,,,,,,,,,,,,,,,,,,,,,,,,,,,,,,,,,,,,,,,,,,,,,,,,,,,,,,,,,,,,,,,,,,,,,,,,,,,,,,,,,,,
garage,hpgarageinside.jpg,2006_09Action02.jpg,hdts1013_Garage_bef_photo_w609.jpg,garage_02.jpg,garaje4567.jpg,GaragePOP_526x800.jpg,garage99.jpg,GarageInside2.jpg,garage89.jpg,tractor_barn_inside.jpg,insidemahal03.jpg,Garaje_en_Mollet_del_Valles_en_Venta_2007072006175728.jpg,Garage inside.jpg,9_large.jpg,garajep0.jpg,GarageInside_1.jpg,3_CAR_GARAGE_1_2_25782147_std.jpg,vacation_home_57garage.jpg,julian_garage.jpg,623sw39ter_garage2.jpg,1.jpg,,,,,,,,,,,,,,,,,,,,,,,,,,,,,,,,,,,,,,,,,,,,,,,,,,,,,,,,,,,,,,,,,,,,,,,,,,,,,,,,,,,,,,,,,,,,,,,,,,,,,,,,,,,,,,,,,,,,,,,,,,,,,,
winecellar,wine_storage_36_01_altavista.jpg,bodega_135_23_flickr.jpg,wine_storage_10_08_altavista.jpg,wine_cellar_37_13_altavista.jpg,wine_cellar_13_08_altavista.jpg,bodega_36_02_yahoo.jpg,wineCellar01.jpg,wine_storage_19_17_altavista.jpg,wine_cellar_45_01_altavista.jpg,bodega_25_05_altavista.jpg,wine_cellar_40_18_altavista.jpg,wine_cellar_43_07_altavista.jpg,wine_rack3.jpg,wine_cellar_04_06_altavista.jpg,r_4.jpg,bodega_98_02_flickr.jpg,cave_champagne_09_20_altavista.jpg,bodega_50_11_altavista.jpg,bodega_22_10_yahoo.jpg,wine_storage_04_03_altavista.jpg,wine_cellar_main.jpg,wine_cellar_29_12_altavista.jpg,wine_cellar_51_06_altavista.jpg,wine_storage_19_12_altavista.jpg,bodega_136_21_flickr.jpg,wine_cellar_17_11_altavista.jpg,bodega_101_15_flickr.jpg,bodega_04_03_altavista.jpg,wine_storage_21_19_altavista.jpg,wine_storage_16_09_altavista.jpg,cave_vin_42_06_altavista.jpg,cave_vin_07_15_altavista.jpg,page9_1006_full.jpg,bodega_07_18_flickr.jpg,bodega_128_18_flickr.jpg,wine_cellar_43_11_altavista.jpg,bodega_114_20_flickr.jpg,bodega_139_02_flickr.jpg,bodega_139_08_flickr.jpg,bodega_80_14_flickr.jpg,wine_cellar_13_16_altavista.jpg,r_1fds.jpg,bodega_36_04_flickr.jpg,bodega_49_11_yahoo.jpg,wine_cellar_expo.jpg,bodega_07_14_yahoo.jpg,bodega_50_04_yahoo.jpg,bodega_109_03_flickr.jpg,cave_vin_10_02_altavista.jpg,bodega_152_04_flickr.jpg,cave_vin_10_10_altavista.jpg,bodega_11_23_flickr.jpg,wine_cellar_41_07_altavista.jpg,wine_cellar_03_03_altavista.jpg,,,,,,,,,,,,,,,,,,,,,,,,,,,,,,,,,,,,,,,,,,,,,,,,,,,,,,,,,,,,,,,,,,,,,,,,,,,,,,,,,,,,,,,,,,,,,
kitchen,int460.jpg,ins29.jpg,rimg0408.jpg,N364031.jpg,img_0224.jpg,SoftffL.T.jpg,im6.jpg,N364080.jpg,int333.jpg,cdMC1200.jpg,indoor_0150.jpg,int457.jpg,k10.jpg,indoor_0079.jpg,indoor_0018.jpg,indoor_0076.jpg,int446.jpg,int857.jpg,im2.jpg,cdMC1188.jpg,int349.jpg,imgp4130.jpg,room517.jpg,int476.jpg,img_0033.jpg,interior014.jpg,N364079.jpg,kitchen19.jpg,indoor_0423.jpg,int354.jpg,kitchen036.jpg,kitchenblack.jpg,kitchen1a.jpg,kitchen023.jpg,cdMC1148.jpg,N364091.jpg,cdMC1281.jpg,N364066.jpg,imagen003.jpg,100_2855.jpg,p1010178.jpg,indoor_0118.jpg,cdMC1156.jpg,int350.jpg,int438.jpg,k3.jpg,int419.jpg,roomscan39.jpg,int411.jpg,N190023.jpg,cdMC1197.jpg,indoor_0457.jpg,int589.jpg,indoor_0205.jpg,indoor_0164.jpg,cdMC1142.jpg,cdMC1179.jpg,img_0132.jpg,N364060.jpg,N364014.jpg,2326_1.jpg,dsc02719.jpg,cdmc1144.jpg,int455.jpg,N364068.jpg,room364.jpg,kitchen265.jpg,N364019.jpg,indoor_0519.jpg,N364064.jpg,room16.jpg,PH-02-05-5080-30_l.jpg,kitchen030.jpg,indoor_0440.jpg,k8.jpg,cdMC1157.jpg,int671.jpg,k1.jpg,indoor_0506.jpg,KITCHEN4.JPG,indoor_0542.jpg,kitchen100.jpg,N364009.jpg,N364047.jpg,N364044.jpg,N364037.jpg,N364088.jpg,indoor_0122.jpg,indoor_0511.jpg,int423.jpg,indoor_0528.jpg,int34.jpg,int72.jpg,cimg2051.jpg,cdMC1189.jpg,room190.jpg,N364017.jpg,room332.jpg,N364099.jpg,room26.jpg,indoor_0544.jpg,indoor_0321.jpg,cdMC1171.jpg,cdmc1164.jpg,N364054.jpg,2335_1.jpg,kitchen003.jpg,k7.jpg,int174.jpg,N364035.jpg,im4.jpg,N364011.jpg,int788.jpg,int360.jpg,cdMC1139.jpg,room114.jpg,int445.jpg,indoor_0320.jpg,iclock.jpg,kitchen033.jpg,room340.jpg,int447.jpg,room40.jpg,kitchen.jpg,int377.jpg,kitchen086.jpg,int439.jpg,cdMC1173.jpg,microondas.jpg,kitchen088.jpg,N364039.jpg,indoor_0096.jpg,N364001.jpg,int385.jpg,k2.jpg,N364020.jpg,casas_073.jpg,N190041.jpg,int611.jpg,kitchen169.jpg,cdMC1132.jpg,cdMC1193.jpg,N364053.jpg,cdMC1177.jpg,kitchen46.jpg,kitchen075.jpg,indoor_0302.jpg
computerroom,IM000835.jpg,Computer8i7.jpg,1782001450_ec797a2c7c.jpg,scuola06_2.jpg,salle_info1.jpg,ordinateurs.jpg,computer_lab.jpg,informatica.jpg,00.jpg,computer_2520classroom.jpg,salle_info.jpg,749300760_2f7b1f5ccb.jpg,COMPUTER_ROOM_1a.jpg,computer.jpg,Vaololoa_Computer_Room.jpg,Salle_Informatique_Bellavista_060831_2_1.jpg,salle_matos.jpg,computer_room1.jpg,373437852_4e3926fe0c.jpg,Computer_Classroom.jpg,comp8.jpg,TrainingRoom_2.jpg,Mvc_001f.jpg,,,,,,,,,,,,,,,,,,,,,,,,,,,,,,,,,,,,,,,,,,,,,,,,,,,,,,,,,,,,,,,,,,,,,,,,,,,,,,,,,,,,,,,,,,,,,,,,,,,,,,,,,,,,,,,,,,,,,,,,,,,,
casino,casino_0245.jpg,casino_0321.jpg,casino_0371.jpg,casino_0183.jpg,casino_0026.jpg,casino_0074.jpg,casino_0109.jpg,casino_0065.jpg,casino_0235.jpg,casino_0304.jpg,casino_0503.jpg,casino_0136.jpg,casino_0333.jpg,casino_0410.jpg,casino_0308.jpg,casino_0190.jpg,casino_0240.jpg,casino_0028.jpg,casino_0072.jpg,casino_0366.jpg,casino_0480.jpg,casino_0267.jpg,casino_0386.jpg,casino_0032.jpg,casino_0166.jpg,casino_0126.jpg,casino_0156.jpg,casino_0499.jpg,casino_0443.jpg,casino_0150.jpg,casino_0165.jpg,casino_0483.jpg,casino_0338.jpg,casino_0342.jpg,casino_0299.jpg,casino_0312.jpg,casino_0355.jpg,casino_0082.jpg,casino_0232.jpg,casino_0309.jpg,casino_0297.jpg,casino_0159.jpg,casino_0006.jpg,casino_0118.jpg,casino_0152.jpg,casino_0409.jpg,casino_0481.jpg,casino_0493.jpg,casino_0078.jpg,casino_0422.jpg,casino_0091.jpg,casino_0110.jpg,casino_0497.jpg,casino_0147.jpg,casino_0066.jpg,casino_0022.jpg,casino_0351.jpg,casino_0153.jpg,casino_0161.jpg,casino_0269.jpg,casino_0186.jpg,casino_0363.jpg,casino_0384.jpg,casino_0252.jpg,casino_0041.jpg,casino_0340.jpg,casino_0378.jpg,casino_0157.jpg,casino_0040.jpg,casino_0458.jpg,casino_0465.jpg,casino_0179.jpg,casino_0002.jpg,casino_0016.jpg,casino_0122.jpg,casino_0282.jpg,casino_0334.jpg,casino_0209.jpg,casino_0171.jpg,casino_0115.jpg,casino_0515.jpg,casino_0116.jpg,casino_0025.jpg,casino_0513.jpg,casino_0184.jpg,casino_0467.jpg,casino_0300.jpg,casino_0198.jpg,casino_0344.jpg,casino_0133.jpg,casino_0388.jpg,casino_0058.jpg,casino_0428.jpg,casino_0035.jpg,casino_0213.jpg,casino_0196.jpg,casino_0199.jpg,casino_0477.jpg,casino_0258.jpg,casino_0112.jpg,casino_0221.jpg,casino_0322.jpg,casino_0087.jpg,,,,,,,,,,,,,,,,,,,,,,,,,,,,,,,,,,,,,,,,,,,,
museum,museo_137_20_flickr.jpg,museo_02_08_flickr.jpg,museum_39_06_altavista.jpg,museum_44_06_altavista.jpg,museo_16_20_flickr.jpg,museum_36_19_altavista.jpg,museum_09_10_altavista.jpg,museo_72_07_flickr.jpg,museum_116_23_flickr.jpg,museo_138_19_flickr.jpg,museo_29_20_flickr.jpg,metropolitana_11_02_altavista.jpg,museo_144_12_flickr.jpg,museo_33_14_altavista.jpg,museum_36_07_altavista.jpg,museum_26_20_altavista.jpg,museo_124_20_flickr.jpg,museum_37_10_altavista.jpg,museo_18_12_altavista.jpg,museo_165_05_flickr.jpg,museo_161_02_flickr.jpg,museo_14_11_altavista.jpg,museum_10_11_flickr.jpg,museum_60_12_flickr.jpg,museo_68_14_flickr.jpg,museo_32_13_flickr.jpg,museo_163_01_flickr.jpg,museum_48_17_altavista.jpg,museo_10_09_altavista.jpg,museum_20_13_altavista.jpg,museum_48_11_altavista.jpg,museo_54_09_flickr.jpg,museo_90_19_flickr.jpg,museo_44_01_flickr.jpg,,,,,,,,,,,,,,,,,,,,,,,,,,,,,,,,,,,,,,,,,,,,,,,,,,,,,,,,,,,,,,,,,,,,,,,,,,,,,,,,,,,,,,,,,,,,,,,,,,,,,,,,,,,,,,,,,
trainstation,gare_145_04_flickr.jpg,train_station_01_15_altavista.jpg,gare_148_17_flickr.jpg,gare_72_23_flickr.jpg,train_station_14_13_altavista.jpg,gare_103_24_flickr.jpg,gare_66_18_flickr.jpg,gare_75_17_flickr.jpg,estacion_de_ferrocarriles_38_16_altavista.jpg,gare_99_08_flickr.jpg,gare_51_05_flickr.jpg,estacion_de_ferrocarriles_39_16_altavista.jpg,estacion_de_tren_08_03_altavista.jpg,train_station_46_11_altavista.jpg,gare_04_03_altavista.jpg,room213.jpg,estacion_de_ferrocarriles_35_16_altavista.jpg,gare_32_02_flickr.jpg,gare_97_23_flickr.jpg,gare_109_17_flickr.jpg,gare_63_05_flickr.jpg,train_station_01_06_altavista.jpg,train_station_32_10_altavista.jpg,estacion_de_ferrocarriles_33_16_altavista.jpg,gare_161_05_flickr.jpg,gare_87_17_flickr.jpg,train_station_42_09_altavista.jpg,estacion_de_ferrocarriles_49_09_altavista.jpg,train_station_06_17_altavista.jpg,gare_96_08_flickr.jpg,estacion_de_ferrocarriles_05_08_altavista.jpg,,,,,,,,,,,,,,,,,,,,,,,,,,,,,,,,,,,,,,,,,,,,,,,,,,,,,,,,,,,,,,,,,,,,,,,,,,,,,,,,,,,,,,,,,,,,,,,,,,,,,,,,,,,,,,,,,,,,
library,470618728_18b5550006.jpg,ccls_img_buildingbos.jpg,792089_e681119c26.jpg,students_library_computers.jpg,library02.jpg,howland.jpg,Bibliothek.jpg,Library_Pictures_3_.jpg,DSC02518.jpg,store.jpg,bibliothek_olbdw.jpg,library2.jpg,publiclibrarypic.jpg,Bibliothek1.jpg,danielkimberlylibrarycl1.jpg,library5.jpg,fibiba1.jpg,PCPL_gen.jpg,library_bookshelves_large.jpg,bibliotheque1.jpg,bibliothekd.jpg,scotland_library2_png.jpg,,,,,,,,,,,,,,,,,,,,,,,,,,,,,,,,,,,,,,,,,,,,,,,,,,,,,,,,,,,,,,,,,,,,,,,,,,,,,,,,,,,,,,,,,,,,,,,,,,,,,,,,,,,,,,,,,,,,,,,,,,,,,
closet,WhiteCloset_Small_.jpg,closetmaid1new.jpg,closet_gif.jpg,closet_ts.jpg,banner2.jpg,152t.jpg,closet_rack.jpg,WC_Tower.jpg,Cognac_RI_Cropped_Shot.jpg,Closet_Before_1_.jpg,closet_1.jpg,closet_05.jpg,granet_closet.jpg,closet35.jpg,child2.jpg,Clothed_Closet_photo_300px_22Mar00.jpg,closet.jpg,CLOSET1_gif.jpg,df_0_0.jpg,WC_Island.jpg,Open_Closet.jpg,closet64.jpg,NFD_30ClosetMaid.jpg,p3_a.jpg,custom_closet.jpg,closet_design_lg_gif.jpg,closet26.jpg,,,,,,,,,,,,,,,,,,,,,,,,,,,,,,,,,,,,,,,,,,,,,,,,,,,,,,,,,,,,,,,,,,,,,,,,,,,,,,,,,,,,,,,,,,,,,,,,,,,,,,,,,,,,,,,,,,,,,,,,
gameroom,Gameroom7.jpg,gameroom789.jpg,VA_02_02_6307_01_l.jpg,317_salle_de_jeux.jpg,gameroom_inside2.jpg,GameRoom89.jpg,salle_de_jeux_03_12_altavista.jpg,salle_de_jeux_05_19_altavista.jpg,SalleDeJeux.jpg,OR_97_3_5172_33_l.jpg,images_vrimages_11242_gameroom.jpg,kitchen2.jpg,sala_de_juegos_24_14_altavista.jpg,sallejeux567.jpg,sala_de_juegos_17_01_altavista.jpg,AT_05_05_5000_43_l.jpg,OR_99_6_9534_25A_l.jpg,LV_00_01_5962_21_l.jpg,sala_de_juegos_13_14_altavista.jpg,BR_05_01_1000_10_l.jpg,lukas_and_dad_in_gameroom.jpg,gameroom_c1.jpg,sala_de_juegos_17_14_altavista.jpg,fac_gameroom.jpg,smallsp001.jpg,AT_04_05_5000_58_l.jpg,,,,,,,,,,,,,,,,,,,,,,,,,,,,,,,,,,,,,,,,,,,,,,,,,,,,,,,,,,,,,,,,,,,,,,,,,,,,,,,,,,,,,,,,,,,,,,,,,,,,,,,,,,,,,,,,,,,,,,,,,
restaurant,restaurante_02_11_altavista.jpg,restaurant_09_03_altavista.jpg,N190059.jpg,restaurant_06_09_altavista.jpg,restaurant_31_12_altavista.jpg,restaurante_06_16_altavista.jpg,pousada_estremoz_restaurant_01.jpg,image010.jpg,restaurant_39_20_altavista.jpg,restaurant_01_06_altavista.jpg,restaurant_51_11_altavista.jpg,restaurant_28_04_altavista.jpg,restaurant_28_17_altavista.jpg,restaurant_23_05_altavista.jpg,restaurante_33_20_altavista.jpg,restaurant_08_14_altavista.jpg,01.jpg,restaurante_01_01_altavista.jpg,restaurante_30_03_altavista.jpg,restaurante_26_11_altavista.jpg,restaurant_43_20_altavista.jpg,room246.jpg,ristorante_1.jpg,restaurant_12_08_altavista.jpg,restaurante_39_14_altavista.jpg,restaurant_19_18_altavista.jpg,restaurant_38_15_altavista.jpg,restaurante_159_17_flickr.jpg,int131.jpg,restaurant_36_11_altavista.jpg,bistro33.jpg,dsc000085ox.jpg,restaurant_29_11_altavista.jpg,restaurant_07_05_altavista.jpg,restaurante_45_19_altavista.jpg,bistro_43_06_altavista.jpg,int863.jpg,salle33.jpg,hotel_crillon_salle.jpg,bistro_03_03_altavista.jpg,posada_25_19_altavista.jpg,bistropic.jpg,Restau33C_L.jpg,salle_restaurant22.jpg,restaurante_160_05_flickr.jpg,restaurant_40_05_altavista.jpg,int607.jpg,INT236.jpg,restaurant_15_11_altavista.jpg,la_salle_restaurant.jpg,img_rest418_1.jpg,restaurant_17_17_altavista.jpg,restaurant_25_05_altavista.jpg,restaurant_35_18_altavista.jpg,restaurant_12_06_altavista.jpg,restaurant_47_18_altavista.jpg,restaurante_07_14_altavista.jpg,zebra_room.jpg,restaurante_14_06_altavista.jpg,492acc1.jpg,restaurant_12_02_altavista.jpg,restaurant_14_01_altavista.jpg,restaurante_18_03_altavista.jpg,restaurant_22_08_altavista.jpg,dining_room.jpg,restaurante_38_04_altavista.jpg,Restaurant_2.jpg,room285.jpg,room264.jpg,restaurante_165_02_flickr.jpg,room257.jpg,restaurant_16_03_altavista.jpg,restaurant_10_03_altavista.jpg,salle_restaurant_aigues_viv.jpg,restaurante_06_08_altavista.jpg,restaurant_10_14_altavista.jpg,bistro_50_17_altavista.jpg,restaurant_11_20_altavista.jpg,restaurante_40_11_altavista.jpg,home_12.jpg,interieur_014_png.jpg,restaurant_37_13_altavista.jpg,restaurant_07_18_altavista.jpg,restaurant_01_03_altavista.jpg,chambre_resto_3.jpg,restaurante_50_15_altavista.jpg,BistroMini.jpg,restaurante_03_07_altavista.jpg,19165_298_298_1_0.jpg,int803.jpg,restaurant_46_05_altavista.jpg,salle_restaurant2.jpg,restaurant_46_01_altavista.jpg,restaurant_28_18_altavista.jpg,restaurant_25_12_altavista.jpg,restau_11.jpg,restaurant_15_18_altavista.jpg,int867.jpg,restaurant_20_13_altavista.jpg,restau_12.jpg,bistro_22_16_altavista.jpg,restaurant_10_09_altavista.jpg,restaurant_05_18_altavista.jpg,,,,,,,,,,,,,,,,,,,,,,,,,,,,,,,,,,,,,,,,,,,,
grocerystore,IMG_0637.jpg,supermarkt_fr.jpg,400_F_2072702_0czrOPPRxph5STUVfX3QxpCrEk80sG.jpg,MG_56_belo_grocery_2.jpg,Spirituosen_im_supermarkt_1.jpg,1760032753_ceceee30e7.jpg,papas2.jpg,supermarket_fluores.jpg,kasten_supermarkt_brouwers2_spar.jpg,store_400.jpg,courses01.jpg,japanese_food_fruit_stand.jpg,2058337_Shopping_for_fruit_in_the_grocery_store_0.jpg,url_1.jpg,shop18.jpg,keilsinside_1.jpg,kays_1.jpg,100_0253_vn4u.jpg,019_e_in_chocolate_aisle_at_auchan_supermarche_in_dieppe.jpg,Modi_in_Ilit_Colonie_Supermarche_1_2.jpg,2fgr_supermarkt.jpg,grocery.jpg,1ng10a.jpg,301657659_e825749871.jpg,Walmart_photo.jpg,grocery-store.jpg,800px_SuperstoreWinkler3.jpg,feijen_1.jpg,167613_3.jpg,dogfooddisplaypiggb7xe.jpg,supermercado22.jpg,shop16.jpg,bstone13.jpg,003_Albany_Grocery_Store_Interior.jpg,quake2.jpg,grocery_isle.jpg,safeway_fireworks.jpg,fruitree2.jpg,1115903086supermarkt.jpg,grocery_isles.jpg,800px_A_grocery_store_in_Cheung_Hong_Estate.jpg,lesupermarche.jpg,supermarche01.jpg,,,,,,,,,,,,,,,,,,,,,,,,,,,,,,,,,,,,,,,,,,,,,,,,,,,,,,,,,,,,,,,,,,,,,,,,,,,,,,,,,,,,,,,,,,,,,,,,,,,,,,,,
inside_subway,inside_subway_0012.jpg,inside_subway_0410.jpg,inside_subway_0351.jpg,inside_subway_0041.jpg,inside_subway_0231.jpg,inside_subway_0332.jpg,metropolitana_118_10_flickr.jpg,inside_subway_0236.jpg,metropolitana_19_12_flickr.jpg,inside_subway_0175.jpg,inside_subway_0192.jpg,inside_subway_0241.jpg,inside_subway_0026.jpg,inside_subway_0090.jpg,inside_subway_0181.jpg,metropolitana_39_04_flickr.jpg,inside_subway_0415.jpg,inside_subway_0016.jpg,inside_subway_0424.jpg,inside_subway_0042.jpg,inside_subway_0208.jpg,inside_subway_0224.jpg,inside_subway_0210.jpg,inside_subway_0172.jpg,inside_subway_0007.jpg,inside_subway_0367.jpg,inside_subway_0286.jpg,inside_subway_0077.jpg,inside_subway_0312.jpg,inside_subway_0142.jpg,inside_subway_0245.jpg,inside_subway_0417.jpg,inside_subway_0161.jpg,inside_subway_0118.jpg,inside_subway_0203.jpg,underground_57_06_flickr.jpg,inside_subway_0338.jpg,inside_subway_0225.jpg,inside_subway_0006.jpg,inside_subway_0256.jpg,inside_subway_0167.jpg,inside_subway_0352.jpg,metropolitana_163_13_flickr.jpg,inside_subway_0387.jpg,metropolitana_16_02_altavista.jpg,inside_subway_0141.jpg,inside_subway_0304.jpg,inside_subway_0333.jpg,inside_subway_0330.jpg,inside_subway_0133.jpg,inside_subway_0214.jpg,inside_subway_0305.jpg,inside_subway_0169.jpg,inside_subway_0197.jpg,inside_subway_0269.jpg,inside_subway_0401.jpg,inside_subway_0052.jpg,inside_subway_0395.jpg,inside_subway_0378.jpg,inside_subway_0101.jpg,inside_subway_0261.jpg,inside_subway_0348.jpg,inside_subway_0265.jpg,inside_subway_0436.jpg,inside_subway_0314.jpg,inside_subway_0102.jpg,inside_subway_0222.jpg,inside_subway_0238.jpg,inside_subway_0188.jpg,inside_subway_0316.jpg,inside_subway_0394.jpg,inside_subway_0278.jpg,metropolitana_46_18_flickr.jpg,metropolitana_158_13_flickr.jpg,inside_subway_0215.jpg,inside_subway_0095.jpg,inside_subway_0270.jpg,inside_subway_0003.jpg,inside_subway_0036.jpg,inside_subway_0039.jpg,inside_subway_0418.jpg,inside_subway_0194.jpg,inside_subway_0015.jpg,inside_subway_0017.jpg,inside_subway_0229.jpg,inside_subway_0309.jpg,inside_subway_0033.jpg,inside_subway_0431.jpg,inside_subway_0360.jpg,inside_subway_0137.jpg,inside_subway_0239.jpg,inside_subway_0059.jpg,,,,,,,,,,,,,,,,,,,,,,,,,,,,,,,,,,,,,,,,,,,,,,,,,,,,,,,
restaurant_kitchen,restaurant_kitchen_google_0073.jpg,restaurant_kitchen_google_0067.jpg,restaurant_kitchen_google_0085.jpg,restaurant_kitchen_google_0027.jpg,restaurant_kitchen_google_0037.jpg,restaurant_kitchen_google_0031.jpg,restaurant_kitchen_google_0004.jpg,restaurant_kitchen_google_0028.jpg,restaurant_kitchen_google_0076.jpg,restaurant_kitchen_google_0013.jpg,restaurant_kitchen_google_0014.jpg,restaurant_kitchen_google_0063.jpg,restaurant_kitchen_google_0047.jpg,restaurant_kitchen_google_0042.jpg,restaurant_kitchen_google_0055.jpg,restaurant_kitchen_google_0025.jpg,restaurant_kitchen_google_0054.jpg,restaurant_kitchen_google_0086.jpg,restaurant_kitchen_google_0081.jpg,restaurant_kitchen_google_0074.jpg,restaurant_kitchen_google_0024.jpg,restaurant_kitchen_google_0021.jpg,,,,,,,,,,,,,,,,,,,,,,,,,,,,,,,,,,,,,,,,,,,,,,,,,,,,,,,,,,,,,,,,,,,,,,,,,,,,,,,,,,,,,,,,,,,,,,,,,,,,,,,,,,,,,,,,,,,,,,,,,,,,,
videostore,blockbuster_04_14_altavista.jpg,blockbuster_42_21_flickr.jpg,410w.jpg,Curts001.jpg,videoclub_04_03_flickr.jpg,onyeze.jpg,videoclub_03_02_flickr.jpg,videoteca_04_11_flickr.jpg,videoclub_07_15_flickr.jpg,3_1interior1.jpg,video_store470.jpg,blockbuster_46_07_flickr.jpg,3ab811702132.jpg,02_02.jpg,videoclub_09_13_altavista.jpg,videoclub_07_10_flickr.jpg,web_japanese_video_store.jpg,blockbuster_23_20_flickr.jpg,videoteka_04_03_altavista.jpg,videoteca_06_24_flickr.jpg,videoteca_06_12_flickr.jpg,videoclub_34_03_altavista.jpg,,,,,,,,,,,,,,,,,,,,,,,,,,,,,,,,,,,,,,,,,,,,,,,,,,,,,,,,,,,,,,,,,,,,,,,,,,,,,,,,,,,,,,,,,,,,,,,,,,,,,,,,,,,,,,,,,,,,,,,,,,,,,
operating_room,operating_room_23_11_altavista.jpg,surgery_room_06_06_altavista.jpg,surgery_room_04_12_altavista.jpg,surgery_room_01_06_altavista.jpg,operating_room_03_18_altavista.jpg,operating_room_39_16_altavista.jpg,surgery_room_16_10_altavista.jpg,surgery_room_06_08_altavista.jpg,operating_room_13_03_altavista.jpg,surgery_room_45_01_altavista.jpg,operating_table_05_02_altavista.jpg,surgery_room_17_07_altavista.jpg,surgery_room_25_11_altavista.jpg,surgery_room_49_05_altavista.jpg,operating_room_07_06_altavista.jpg,operating_room_12_03_altavista.jpg,surgery_room_09_12_altavista.jpg,operating_room_18_11_altavista.jpg,operating_room_11_12_altavista.jpg,surgery_room_11_02_altavista.jpg,surgery_room_15_08_altavista.jpg,surgery_room_09_20_altavista.jpg,operating_room_09_11_altavista.jpg,operating_room_24_02_altavista.jpg,surgery_room_36_01_altavista.jpg,surgery_room_16_17_altavista.jpg,hospital room_30_06_altavista.jpg,,,,,,,,,,,,,,,,,,,,,,,,,,,,,,,,,,,,,,,,,,,,,,,,,,,,,,,,,,,,,,,,,,,,,,,,,,,,,,,,,,,,,,,,,,,,,,,,,,,,,,,,,,,,,,,,,,,,,,,,
movietheater,cinema_1__48.jpg,20071224114502_0.jpg,salleGF.jpg,petit_melies_1__56.jpg,movietheater_google_0044.jpg,scr_bluetheatre2jan19.jpg,sallecine_72.jpg,p1010969_1__27.jpg,sala_de_cine_06_19_altavista.jpg,sala_de_cine_08_20_altavista.jpg,movietheater_google_0040.jpg,movietheater_google_0006.jpg,cine0_1__43.jpg,CYP0101072_P.jpg,366566_2.jpg,movietheater_google_0058.jpg,movie_THeater.jpg,movietheater_google_0041.jpg,8cd35967ac80b2212d15ee90a06329ac_1__14.jpg,cine_sony.jpg,auditorium913_17.jpg,300px_Cinemaaustralia.jpg,sallevideok.jpg,movietheater_google_0046.jpg,sallegf_1__68.jpg,movietheater_google_0035.jpg,slide8_74.jpg,salle_cinema_metz_1__64.jpg,cinema_2__49.jpg,movietheater_google_0021.jpg,sala_de_cine_02_01_altavista.jpg,movietheater_google_0029.jpg,movietheater_google_0020.jpg,movietheater_google_0032.jpg,domealbertville1.jpg,,,,,,,,,,,,,,,,,,,,,,,,,,,,,,,,,,,,,,,,,,,,,,,,,,,,,,,,,,,,,,,,,,,,,,,,,,,,,,,,,,,,,,,,,,,,,,,,,,,,,,,,,,,,,,,,
gym,gym06.jpg,gimnasio_26_17_altavista.jpg,gimnasio_10_03_altavista.jpg,gym_14_10_altavista.jpg,gimnasio_09_02_altavista.jpg,gym_147_01_flickr.jpg,Gym432.jpg,gimnasio_57_15_flickr.jpg,gimnasio_93_23_flickr.jpg,gimnasio_125_03_flickr.jpg,gym_37_06_altavista.jpg,151815.jpg,gym_07_10_altavista.jpg,gimnasio_41_19_altavista.jpg,gimnasio_18_11_altavista.jpg,gimnasio_09_11_altavista.jpg,gimnasio_35_08_flickr.jpg,gimnasio_36_08_flickr.jpg,bg_gym2.jpg,gimnasio_31_20_flickr.jpg,gimnasio_15_16_flickr.jpg,gym_floor_mirror_view.jpg,336.jpg,necker_salle_de_gym_reference.jpg,gym2.jpg,gimnasio_19_09_altavista.jpg,gimnasio_10_11_altavista.jpg,csu6.jpg,GymInt1.jpg,gimnasio_134_02_flickr.jpg,gym_43_10_altavista.jpg,Weight_Room.jpg,gimnasio_78_20_flickr.jpg,gimnasio_20_10_altavista.jpg,gimnasio_10_08_altavista.jpg,gimnasio_73_08_flickr.jpg,gym_42_12_altavista.jpg,gimnasio_24_03_altavista.jpg,gimnasio_43_11_altavista.jpg,1852272142_7c45e7c342.jpg,gimnasio_60_14_flickr.jpg,gimnasio_24_16_altavista.jpg,gimnasio_25_10_altavista.jpg,gimnasio_62_06_flickr.jpg,gym07.jpg,gimnasio_68_19_flickr.jpg,sas_gym.jpg,,,,,,,,,,,,,,,,,,,,,,,,,,,,,,,,,,,,,,,,,,,,,,,,,,,,,,,,,,,,,,,,,,,,,,,,,,,,,,,,,,,,,,,,,,,,,,,,,,,,
meeting_room,b_salle27.jpg,pdc_meeting_room_l.jpg,n457038.jpg,b_salle33.jpg,Large_0004_Layer_4.jpg,salon_jaune.jpg,c20.jpg,c18.jpg,conference_room_a.jpg,c_salle26.jpg,11_big.jpg,n457009.jpg,c12.jpg,c4.jpg,brdrm_9870.jpg,t_GSH_Sem_3_Bdrm.jpg,conf09.jpg,8365.jpg,Mayline_CorsicaModConfLg.jpg,lhom9b.jpg,IDC_salle_de_reunion_01.jpg,loca_reunion1.jpg,Midsize_Conference_Room.jpg,conf12.jpg,n457002.jpg,salle_reunion133.jpg,meeting_room1.jpg,Connect_Open_Conference.jpg,b_salle23.jpg,salle_reunion443.jpg,c16.jpg,conference_room.jpg,b_P1010082.jpg,P2040009.jpg,meeting1.jpg,conf14.jpg,conference_room_600.jpg,loca_reunion2.jpg,conf08.jpg,n457018.jpg,confe1.jpg,conf07.jpg,b_P1010087.jpg,c6.jpg,conferenceroomsmall2.jpg,conf18.jpg,n457017.jpg,,,,,,,,,,,,,,,,,,,,,,,,,,,,,,,,,,,,,,,,,,,,,,,,,,,,,,,,,,,,,,,,,,,,,,,,,,,,,,,,,,,,,,,,,,,,,,,,,,,,
stairscase,kenngott_treppe_buche_sondergelaender.jpg,VA_03_00_0002_06_l.jpg,N32m.jpg,N457079.jpg,N25.jpg,hall92.jpg,museum_108_13_flickr.jpg,roomscan1.jpg,dining044.jpg,N190079.jpg,hall21.jpg,stairs_3_resize.jpg,N26.jpg,0307280855117les8.jpg,JordanStaircase.jpg,N457090.jpg,CA_97_1_289_24A_l.jpg,int743.jpg,Escalier_B1.jpg,escalier_400.jpg,int221.jpg,S67.jpg,escalier8222.jpg,N457072.jpg,int67.jpg,N67.jpg,stairs02.jpg,AT_04_04_2000_26_l.jpg,11_hammer_treppe_unten.jpg,int36.jpg,escalier46.jpg,,,,,,,,,,,,,,,,,,,,,,,,,,,,,,,,,,,,,,,,,,,,,,,,,,,,,,,,,,,,,,,,,,,,,,,,,,,,,,,,,,,,,,,,,,,,,,,,,,,,,,,,,,,,,,,,,,,,
tv_studio,tv_studio9438_110_.jpg,tv_studio_13_08_altavista.jpg,philhulettlecture_95_.jpg,3_estudio_de_television_1_23_.jpg,38182_plato_cuatro_350x263_shkl_22_.jpg,estudiodetv_88_.jpg,tv_studio324_116_.jpg,sandiego_newsteam_61_.jpg,plato_de_malaga_television_situada_en_el_parque_tecnologico_de_andalucia_3896_57_.jpg,e_card_med_1_82_.jpg,tv_studio_11_16_altavista.jpg,tv_studio_03_03_altavista.jpg,dscn2300_copia_40_.jpg,pb030044_53_.jpg,4c_2_.jpg,tv_studio876_67_.jpg,tv_studio_09_20_altavista.jpg,tv_studio3221_109_.jpg,plato_de_television_01_03_altavista.jpg,tv_studio_11_13_altavista.jpg,tv_studio2b_115_.jpg,tv_studio_2_112_.jpg,nasa_tv_52_.jpg,grimshaw_photo7_91_.jpg,tv_studio_17_13_altavista.jpg,studio2a_104_.jpg,tv_studio_01_01_altavista.jpg,victor_tv_studio_121_.jpg,noel_14_94_.jpg,tv_studio_06_08_altavista.jpg,837109_174933784a_m_28_.jpg,tv_studio_szines_k_108_.jpg,studio09_63_.jpg,tv_studio2a_114_.jpg,,,,,,,,,,,,,,,,,,,,,,,,,,,,,,,,,,,,,,,,,,,,,,,,,,,,,,,,,,,,,,,,,,,,,,,,,,,,,,,,,,,,,,,,,,,,,,,,,,,,,,,,,,,,,,,,,
bowling,bowling_0163.jpg,bowling_0097.jpg,bowling_0050.jpg,bowling_0009.jpg,bowling_0137.jpg,bowling_0180.jpg,bowling_0111.jpg,bowling_0079.jpg,bowling_0208.jpg,bowling_0090.jpg,bowling_0149.jpg,bowling_0187.jpg,bowling_0057.jpg,bowling_0168.jpg,bowling_0210.jpg,bowling_0119.jpg,bowling_0094.jpg,bowling_0123.jpg,bowling_0194.jpg,bowling_0062.jpg,bowling_0032.jpg,bowling_0016.jpg,bowling_0011.jpg,bowling_0197.jpg,bowling_0044.jpg,bowling_0110.jpg,bowling_0080.jpg,bowling_0049.jpg,bowling_0116.jpg,bowling_0201.jpg,bowling_0051.jpg,bowling_0211.jpg,bowling_0184.jpg,bowling_0142.jpg,bowling_0132.jpg,bowling_0008.jpg,bowling_0125.jpg,bowling_0056.jpg,bowling_0207.jpg,bowling_0129.jpg,bowling_0028.jpg,bowling_0017.jpg,bowling_0144.jpg,,,,,,,,,,,,,,,,,,,,,,,,,,,,,,,,,,,,,,,,,,,,,,,,,,,,,,,,,,,,,,,,,,,,,,,,,,,,,,,,,,,,,,,,,,,,,,,,,,,,,,,,
hospitalroom,hospital_room_lighting.jpg,hospital_room_29_11_altavista.jpg,hospital_room_38_10_altavista.jpg,DSC_0001.jpg,int211.jpg,Afghan_Hospital_Room2_sized.jpg,DSC01127.jpg,IMG_1313.jpg,hospital_room_sm.jpg,cama_hospital_09_09_altavista.jpg,Ben_001.jpg,hosp_073.jpg,hospital061113_3_560.jpg,Hospital_room_ubt.jpg,brady_hospital.jpg,UGHHPD010.jpg,HospitalRoom.jpg,PICT8223.jpg,habitacion_hospital_01_16_altavista.jpg,IMG_6996.jpg,room232.jpg,,,,,,,,,,,,,,,,,,,,,,,,,,,,,,,,,,,,,,,,,,,,,,,,,,,,,,,,,,,,,,,,,,,,,,,,,,,,,,,,,,,,,,,,,,,,,,,,,,,,,,,,,,,,,,,,,,,,,,,,,,,,,,
cloister,Cloister2.jpg,salisbury_cloister_350.jpg,2611191511_4deb4bcf31.jpg,Claustro_de_San_Juan_de_los_Reyes_II.jpg,P1000515web_000.jpg,The_Great_Cloister_Canterbury_Cathedral.jpg,636059.jpg,852054.jpg,525066.jpg,Cloister221.jpg,cloister8.jpg,san_millan_claustro.jpg,852020.jpg,claustro53.jpg,IMG_0433.jpg,Claustro32.jpg,VeniceSantApolloniaCloister.jpg,en_el_claustro.jpg,IMG_0431.jpg,2531514791.jpg,Cloister92.jpg,Pamplona_catedral_claustro.jpg,lacock_cloister.jpg,I007CloisterMoyneAbbey.jpg,,,,,,,,,,,,,,,,,,,,,,,,,,,,,,,,,,,,,,,,,,,,,,,,,,,,,,,,,,,,,,,,,,,,,,,,,,,,,,,,,,,,,,,,,,,,,,,,,,,,,,,,,,,,,,,,,,,,,,,,,,,
subway,subway_0471.jpg,subway_0422.jpg,subway_0484.jpg,underground_05_06_altavista.jpg,subway_0163.jpg,subway_0434.jpg,subway_0146.jpg,subway_0017.jpg,metropolitana_155_09_flickr.jpg,subway_0028.jpg,subway_0462.jpg,metropolitana_62_14_flickr.jpg,metropolitana_20_02_altavista.jpg,subway_0005.jpg,subway_0454.jpg,subway_0149.jpg,subway_0393.jpg,subway_0052.jpg,subway_0407.jpg,metropolitana_154_07_flickr.jpg,subway_0396.jpg,subway_0165.jpg,subway_0034.jpg,subway_0286.jpg,subway_0188.jpg,subway_0032.jpg,subway_0015.jpg,subway_0425.jpg,subway_0077.jpg,subway_0218.jpg,subway_0391.jpg,subway_0280.jpg,subway_0022.jpg,subway_0332.jpg,subway_0013.jpg,subway_0133.jpg,subway_0023.jpg,subway_0453.jpg,subway_0046.jpg,subway_0217.jpg,subway_0140.jpg,subway_0207.jpg,subway_0243.jpg,subway_0345.jpg,subway_0437.jpg,subway_0452.jpg,underground_58_22_flickr.jpg,subway_0284.jpg,subway_0083.jpg,subway_0495.jpg,subway_0442.jpg,subway_0135.jpg,subway_0026.jpg,subway_0196.jpg,subway_0344.jpg,subway_0178.jpg,subway_0221.jpg,subway_0190.jpg,subway_0500.jpg,subway_0112.jpg,subway_0122.jpg,subway_0035.jpg,subway_0199.jpg,subway_0366.jpg,subway_0347.jpg,subway_0315.jpg,subway_0130.jpg,subway_0094.jpg,subway_0236.jpg,subway_0223.jpg,subway_0127.jpg,subway_0401.jpg,subway_0209.jpg,subway_0446.jpg,subway_0304.jpg,subway_0491.jpg,metropolitana_154_12_flickr.jpg,subway_0168.jpg,subway_0160.jpg,subway_0030.jpg,subway_0388.jpg,subway_0066.jpg,subway_0264.jpg,subway_0063.jpg,subway_0095.jpg,subway_0065.jpg,subway_0295.jpg,subway_0403.jpg,subway_0152.jpg,subway_0121.jpg,subway_0352.jpg,underground_56_07_flickr.jpg,subway_0358.jpg,metropolitana_11_17_altavista.jpg,subway_0025.jpg,subway_0339.jpg,subway_0412.jpg,subway_0423.jpg,subway_0314.jpg,subway_0001.jpg,metropolitana_35_14_flickr.jpg,subway_0067.jpg,subway_0084.jpg,subway_0251.jpg,subway_0461.jpg,subway_0166.jpg,subway_0043.jpg,subway_0259.jpg,,,,,,,,,,,,,,,,,,,,,,,,,,,,,,,,,,,,,,,
pantry,pantry_06_04_flickr.jpg,pantry_19_17_altavista.jpg,pantry_155_16_flickr.jpg,pantry_white_285x420.jpg,pantry_105_02_flickr.jpg,fr_pantry_001.jpg,pantry_40_06_flickr.jpg,Pantryjj1.jpg,pantry_91_15_flickr.jpg,pantry_85_06_flickr.jpg,despensa_06_16_flickr.jpg,pantry_94_10_flickr.jpg,Pantrytyu1.jpg,pantry_81_10_flickr.jpg,pantry_87_19_flickr.jpg,pantry_29_19_flickr.jpg,pantry_43_02_flickr.jpg,pantry_34_14_flickr.jpg,2352014703_da7411726a.jpg,WhiteWIPantrywoDiningRm.jpg,pantry_48_20_flickr.jpg,pantry_27_22_flickr.jpg,image11.jpg,pantry_02_18_altavista.jpg,bob_connie_kitchen_pantry_after_02.jpg,pantry_775384.jpg,pantry_141_14_flickr.jpg,pantry_32_11_flickr.jpg,pantry_50_20_flickr.jpg,pantry_41_11_flickr.jpg,despensa_134_18_flickr.jpg,WC_Pantry_Door.jpg,pantry_97_12_flickr.jpg,pantry_77_11_flickr.jpg,fr_pantry_002.jpg,pantry_12_11_flickr.jpg,pantry_99_17_flickr.jpg,pantry_74_06_flickr.jpg,pantry_47_13_flickr.jpg,pantry_104_21_flickr.jpg,pantry_147_22_flickr.jpg,pantry_18_09_flickr.jpg,despensa_03_20_flickr.jpg,pantry_02_15_altavista.jpg,pantry_97_19_flickr.jpg,pantry_26_07_flickr.jpg,DSC_0100.jpg,pantry_51_16_flickr.jpg,pantry_113_01_flickr.jpg,pantry_14_23_flickr.jpg,pantry_54_14_flickr.jpg,web_pantr1.jpg,pantry.jpg,63822.jpg,White_Pantry_lg_logo.jpg,despensa_90_22_flickr.jpg,pantry_147_23_flickr.jpg,pantry_165_10_flickr.jpg,fp_closet_3.jpg,300_78375.jpg,KitchenPantry.jpg,pantry_64_14_flickr.jpg,MapleWIPantry.jpg,pantry_98_24_flickr.jpg,pantry_83_07_flickr.jpg,despensa_143_22_flickr.jpg,pantry_124_16_flickr.jpg,custom_closet.jpg,pantry_48_07_flickr.jpg,pantry_15_10_flickr.jpg,White_Pantry_System_Web_Size.jpg,larder.jpg,pantry_36_14_flickr.jpg,pantry_03_06_altavista.jpg,pantry_133.jpg,pantry_31_13_flickr.jpg,pantry_121_05_flickr.jpg,,,,,,,,,,,,,,,,,,,,,,,,,,,,,,,,,,,,,,,,,,,,,,,,,,,,,,,,,,,,,,,,,,,,,,
elevator,elevator_google_0091.jpg,elevator_google_0047.jpg,elevator_google_0061.jpg,elevator_google_0024.jpg,elevator_google_0051.jpg,elevator_google_0038.jpg,elevator_google_0041.jpg,elevator_google_0092.jpg,elevator_google_0003.jpg,elevator_google_0018.jpg,elevator_google_0093.jpg,elevator_google_0015.jpg,elevator_google_0014.jpg,elevator_google_0004.jpg,elevator_google_0020.jpg,elevator_google_0059.jpg,elevator_google_0089.jpg,elevator_google_0009.jpg,elevator_google_0096.jpg,elevator_google_0069.jpg,elevator_google_0079.jpg,,,,,,,,,,,,,,,,,,,,,,,,,,,,,,,,,,,,,,,,,,,,,,,,,,,,,,,,,,,,,,,,,,,,,,,,,,,,,,,,,,,,,,,,,,,,,,,,,,,,,,,,,,,,,,,,,,,,,,,,,,,,,,
fastfood_restaurant,yakitori_house_counter.jpg,ATCS_14_TacoBell.jpg,colorado_springs_chipotle6.jpg,fast_food_restaurants.jpg,1125071734.jpg,subway_gif.jpg,restaurant.jpg,30835528_scaled_408x271.jpg,EnfieldTB.jpg,DSC00476.jpg,DSC00332.jpg,539w.jpg,food_450.jpg,hut1.jpg,Siem_Reap_airport_Dairy_Queen.jpg,pizzahut_storefront0308.jpg,fast_food_restaurant.jpg,universitycenter056.jpg,buffet2.jpg,26338834.jpg,800px_Lincoln_park_chicago_qdoba.jpg,442a2fd659407_81_1.jpg,HTC_fast_food_restaurant.jpg,451033421_2252a21567.jpg,,,,,,,,,,,,,,,,,,,,,,,,,,,,,,,,,,,,,,,,,,,,,,,,,,,,,,,,,,,,,,,,,,,,,,,,,,,,,,,,,,,,,,,,,,,,,,,,,,,,,,,,,,,,,,,,,,,,,,,,,,,
